generation,genome,fitness
0,0.709691,0.0582522
0,0.0401104,-0.29028
0,0.105713,0.678983
0,0.267642,0.993653
0,0.646874,-0.325643
0,0.726536,0.139025
0,0.246766,1.12403
0,0.857899,0.177105
0,0.945854,-0.241136
0,0.163218,1.16219
0,0.381569,-0.10836
0,0.256889,1.06576
0,0.452856,-0.683661
0,0.732145,0.162728
0,0.677257,-0.129293
0,0.0964932,0.565606
0,0.444823,-0.635901
0,0.959919,-0.307478
0,0.476891,-0.794629
0,0.577581,-0.72707
0,0.984522,-0.406936
0,0.859747,0.17031
0,0.744094,0.207343
0,0.958111,-0.299258
0,0.679937,-0.112604
0,0.5725,-0.748703
0,0.431204,-0.543567
0,0.916054,-0.0898713
0,0.915185,-0.0854027
0,0.360839,0.103586
0,0.251917,1.0956
0,0.394871,-0.237336
0,0.752084,0.232444
0,0.262103,1.03205
0,0.253672,1.08533
0,0.949458,-0.258616
0,0.413079,-0.40056
0,0.145044,1.0538
0,0.938243,-0.203379
0,0.286364,0.846196
0,0.0872082,0.4427
0,0.196774,1.24986
0,0.965396,-0.331715
0,0.190066,1.24394
0,0.415564,-0.421414
0,0.515546,-0.867305
0,0.284207,0.864453
0,0.269429,0.980718
0,0.570158,-0.758151
0,0.312036,0.608777
1,0.312036,0.608777
1,0.251917,1.0956
1,0.859747,0.17031
1,-0.127418,-2.89249
1,0.246766,1.12403
1,-0.515079,-0.873299
1,0.190066,1.24394
1,0.880924,0.0825681
1,-0.096156,-2.55205
1,0.163218,1.16219
1,0.196774,1.24986
1,0.916054,-0.0898713
1,0.381569,-0.10836
1,0.171581,1.19769
1,-0.62244,-1.14218
1,0.836327,0.24404
1,-0.116642,-2.78783
1,0.567125,-0.769885
1,0.857899,0.177105
1,1.55207,0.316982
1,0.797709,0.296507
1,0.384555,-0.137911
1,1.13942,-0.0545666
1,0.312036,0.608777
1,0.253672,1.08533
1,1.72309,-1.93886
1,0.145044,1.0538
1,-0.062159,-2.06876
1,0.105713,0.678983
1,0.190066,1.24394
1,0.251917,1.0956
1,0.196774,1.24986
1,0.163218,1.16219
1,0.286364,0.846196
1,0.163218,1.16219
1,0.267642,0.993653
1,0.284207,0.864453
1,0.954708,-0.283521
1,0.984522,-0.406936
1,0.196774,1.24986
1,0.269429,0.980718
1,-0.192975,-3.21008
1,1.57011,0.011591
1,0.269429,0.980718
1,0.262103,1.03205
1,0.709691,0.0582522
1,0.618194,-0.508982
1,0.253672,1.08533
1,0.884583,0.0658336
1,0.413079,-0.40056
2,0.956185,-0.290395
2,0.461139,-0.727422
2,0.39706,-0.257848
2,0.190066,1.24394
2,0.998183,-0.449579
2,0.312036,0.608777
2,0.163218,1.16219
2,0.40383,-0.319825
2,-0.269318,-2.90944
2,1.55207,0.316982
2,-0.489615,-0.931912
2,0.196774,1.24986
2,0.253672,1.08533
2,0.262103,1.03205
2,1.35107,1.98588
2,0.546912,-0.832254
2,0.267642,0.993653
2,1.14271,-0.0259063
2,0.253672,1.08533
2,0.122423,0.860677
2,0.174224,1.20701
2,0.478208,-0.799274
2,0.836327,0.24404
2,1.17552,0.296668
2,0.196774,1.24986
2,0.370127,0.00738874
2,0.989008,-0.422073
2,1.10404,-0.310776
2,0.196774,1.24986
2,0.797709,0.296507
2,0.171581,1.19769
2,-0.13865,-2.98644
2,0.638838,-0.378082
2,-0.133511,-2.94542
2,-0.438851,-1.21336
2,0.190066,1.24394
2,0.171581,1.19769
2,0.196774,1.24986
2,0.190066,1.24394
2,0.603666,-0.594761
2,0.190066,1.24394
2,0.163218,1.16219
2,1.11922,-0.212988
2,0.171581,1.19769
2,0.190066,1.24394
2,-0.0626398,-2.07627
2,1.12753,-0.151612
2,-0.702575,-1.54663
2,0.993602,-0.436449
2,0.246766,1.12403
3,0.196774,1.24986
3,-0.801006,-1.68772
3,0.610351,-0.556142
3,-0.329126,-2.32846
3,0.253672,1.08533
3,0.196774,1.24986
3,-0.126921,-2.88797
3,0.562633,-0.786171
3,1.05834,-0.485089
3,-0.463583,-1.04967
3,0.248411,1.11523
3,1.08675,-0.398294
3,0.308738,0.641053
3,0.16854,1.18583
3,0.163218,1.16219
3,0.190066,1.24394
3,1.01278,-0.48271
3,-0.715134,-1.59584
3,1.35107,1.98588
3,0.196774,1.24986
3,0.196774,1.24986
3,0.246766,1.12403
3,0.174224,1.20701
3,0.190066,1.24394
3,-0.640187,-1.23466
3,1.35107,1.98588
3,-0.57474,-0.939313
3,0.253672,1.08533
3,0.579302,-0.719405
3,0.190066,1.24394
3,0.899298,-0.00491957
3,0.171581,1.19769
3,0.196774,1.24986
3,1.24872,1.14024
3,0.549755,-0.825236
3,0.370127,0.00738874
3,1.06746,-0.464938
3,0.196774,1.24986
3,0.171581,1.19769
3,-0.633465,-1.19912
3,1.02959,-0.502581
3,0.190066,1.24394
3,-0.530293,-0.864507
3,0.171581,1.19769
3,0.370127,0.00738874
3,0.466229,-0.751465
3,0.267642,0.993653
3,0.489486,-0.832797
3,0.475306,-0.788836
3,0.253672,1.08533
4,0.137623,0.997415
4,0.190066,1.24394
4,-0.0752896,-2.26746
4,-0.0825011,-2.37045
4,0.16854,1.18583
4,-0.249129,-3.04956
4,0.171581,1.19769
4,0.423308,-0.483924
4,1.27445,1.42233
4,0.196774,1.24986
4,1.17027,0.241112
4,0.594661,-0.644052
4,0.174224,1.20701
4,0.308738,0.641053
4,1.26468,1.3185
4,-0.714954,-1.59519
4,1.74415,-2.01658
4,0.337046,0.353385
4,0.196774,1.24986
4,-0.254561,-3.01556
4,-0.213727,-3.19429
4,0.597218,-0.630402
4,1.35107,1.98588
4,1.35107,1.98588
4,-0.293279,-2.7003
4,0.190066,1.24394
4,0.196774,1.24986
4,0.672824,-0.157226
4,1.35107,1.98588
4,0.959757,-0.306745
4,0.370127,0.00738874
4,0.0750366,0.269395
4,0.171581,1.19769
4,0.613868,-0.535223
4,-0.534848,-0.865532
4,0.582948,-0.702619
4,0.3625,0.0862822
4,0.196774,1.24986
4,1.70311,-1.81222
4,0.260775,1.04086
4,0.465897,-0.749964
4,1.40477,1.9961
4,1.43033,1.87002
4,1.27165,1.39312
4,0.171581,1.19769
4,0.171581,1.19769
4,1.35107,1.98588
4,0.196774,1.24986
4,0.190066,1.24394
4,1.17037,0.242116
5,1.26468,1.3185
5,0.137623,0.997415
5,1.14482,-0.00717335
5,1.35661,2.00365
5,-0.494335,-0.916815
5,1.35107,1.98588
5,0.814766,0.284907
5,0.190066,1.24394
5,1.35107,1.98588
5,1.48321,1.35652
5,-0.229418,-3.14746
5,0.137623,0.997415
5,1.00613,-0.469328
5,1.40477,1.9961
5,1.17037,0.242116
5,0.423308,-0.483924
5,0.89747,0.00412245
5,0.196774,1.24986
5,-0.736158,-1.66073
5,1.35107,1.98588
5,1.26468,1.3185
5,0.190066,1.24394
5,1.35107,1.98588
5,-0.41417,-1.42114
5,0.625784,-0.461781
5,1.35555,2.00052
5,1.35107,1.98588
5,1.21553,0.75167
5,0.196774,1.24986
5,1.43033,1.87002
5,0.196774,1.24986
5,0.370127,0.00738874
5,1.35107,1.98588
5,0.190066,1.24394
5,0.337046,0.353385
5,1.35107,1.98588
5,1.2506,1.16163
5,1.40477,1.9961
5,0.62174,-0.487096
5,0.171581,1.19769
5,2.00778,0.101637
5,1.35107,1.98588
5,0.0837331,0.394576
5,-0.148168,-3.05354
5,1.26468,1.3185
5,1.50304,1.08974
5,0.295128,0.769049
5,0.901421,-0.015494
5,0.597218,-0.630402
5,0.691051,-0.0453554
6,2.60815,0.857078
6,1.40477,1.9961
6,2.2124,0.15742
6,1.10522,-0.303865
6,2.00778,0.101637
6,1.43033,1.87002
6,1.35107,1.98588
6,0.996968,-0.446217
6,1.35555,2.00052
6,0.190066,1.24394
6,1.35107,1.98588
6,0.196774,1.24986
6,1.26468,1.3185
6,1.35107,1.98588
6,1.88603,-1.21778
6,1.35107,1.98588
6,0.668129,-0.187197
6,1.35661,2.00365
6,1.35555,2.00052
6,1.24038,1.0439
6,1.40477,1.9961
6,1.35107,1.98588
6,0.196774,1.24986
6,1.35107,1.98588
6,-0.325689,-2.3661
6,2.19255,0.256606
6,1.31715,1.80258
6,1.54104,0.500439
6,0.295128,0.769049
6,1.40477,1.9961
6,1.84645,-1.62383
6,0.196774,1.24986
6,1.57611,-0.0903413
6,1.04966,-0.497617
6,1.50304,1.08974
6,1.35107,1.98588
6,0.746833,0.216388
6,1.55763,0.223284
6,1.00559,-0.468117
6,0.642249,-0.355877
6,0.557698,-0.802512
6,1.30528,1.71127
6,1.86845,-1.40878
6,0.0837331,0.394576
6,0.190066,1.24394
6,1.35107,1.98588
6,2.03735,0.309584
6,1.40477,1.9961
6,2.2945,-0.21362
6,0.376887,-0.061449
7,1.30528,1.71127
7,1.35107,1.98588
7,1.40477,1.9961
7,1.40477,1.9961
7,1.18452,0.394775
7,1.40477,1.9961
7,1.04326,-0.502762
7,0.196774,1.24986
7,1.63225,-0.998186
7,1.35107,1.98588
7,1.35555,2.00052
7,1.35107,1.98588
7,0.843409,0.224726
7,1.48364,1.35112
7,1.35555,2.00052
7,1.00095,-0.456892
7,0.190066,1.24394
7,0.838587,0.238176
7,2.14375,0.448639
7,0.550278,-0.823879
7,2.19255,0.256606
7,1.35107,1.98588
7,1.31715,1.80258
7,1.2382,1.0185
7,0.196774,1.24986
7,1.40477,1.9961
7,1.35107,1.98588
7,1.10621,-0.297987
7,1.63139,-0.985517
7,1.35107,1.98588
7,1.40477,1.9961
7,1.43033,1.87002
7,1.54698,0.402127
7,1.40477,1.9961
7,1.27271,1.40423
7,2.22929,0.070613
7,1.63619,-1.05581
7,-0.340625,-2.20096
7,1.35107,1.98588
7,1.09835,-0.342416
7,1.26468,1.3185
7,1.35661,2.00365
7,1.35555,2.00052
7,0.796258,0.296609
7,2.30724,-0.248922
7,1.08083,-0.422223
7,1.35661,2.00365
7,1.50304,1.08974
7,1.35107,1.98588
7,-0.416868,-1.39652
8,1.56531,0.0932831
8,-0.140472,-3.00019
8,1.40477,1.9961
8,0.190066,1.24394
8,1.35555,2.00052
8,1.35107,1.98588
8,1.45936,1.62733
8,1.35602,2.00192
8,2.58514,0.806372
8,0.639874,-0.371347
8,0.969199,-0.347908
8,1.35555,2.00052
8,1.11881,-0.215921
8,1.35555,2.00052
8,1.94803,-0.496425
8,1.40477,1.9961
8,1.35661,2.00365
8,1.44224,1.78275
8,1.35661,2.00365
8,0.67194,-0.162841
8,1.26468,1.3185
8,1.35661,2.00365
8,0.568587,-0.7643
8,1.27271,1.40423
8,1.35555,2.00052
8,1.35107,1.98588
8,0.916988,-0.0946744
8,2.3235,-0.280461
8,2.33728,-0.294279
8,1.01018,-0.477826
8,1.56775,0.0518667
8,1.50304,1.08974
8,1.72668,-1.95619
8,0.399181,-0.277511
8,1.35107,1.98588
8,1.12225,-0.191258
8,1.70346,-1.81485
8,0.861897,0.16221
8,1.35555,2.00052
8,0.828003,0.263125
8,0.0227291,-0.593008
8,1.35107,1.98588
8,1.19819,0.549313
8,1.87472,-1.34229
8,1.40477,1.9961
8,1.13688,-0.0761632
8,1.35555,2.00052
8,2.20582,0.190917
8,1.24871,1.14005
8,2.31128,-0.258238
9,1.17599,0.301731
9,2.20243,0.207977
9,1.44224,1.78275
9,2.426,-0.088115
9,2.10083,0.503854
9,1.56531,0.0932831
9,1.39727,2.01696
9,1.24871,1.14005
9,1.35602,2.00192
9,1.2177,0.777254
9,1.00472,-0.466123
9,1.24479,1.09507
9,1.40477,1.9961
9,1.44224,1.78275
9,1.35661,2.00365
9,1.35661,2.00365
9,1.35555,2.00052
9,0.399181,-0.277511
9,1.86933,-1.39957
9,1.06965,-0.459026
9,0.760938,0.255599
9,0.694999,-0.0223506
9,0.956153,-0.290243
9,0.916988,-0.0946744
9,2.22335,0.101108
9,1.35661,2.00365
9,2.15161,0.42522
9,1.35602,2.00192
9,1.35555,2.00052
9,1.28388,1.51763
9,0.190066,1.24394
9,2.84222,-0.730086
9,1.25446,1.20535
9,1.35602,2.00192
9,1.33672,1.92341
9,0.965447,-0.331936
9,1.30321,1.69409
9,2.13066,0.479284
9,0.190066,1.24394
9,1.35602,2.00192
9,1.35555,2.00052
9,1.35107,1.98588
9,2.58514,0.806372
9,1.31255,1.76865
9,1.35107,1.98588
9,1.35107,1.98588
9,1.35555,2.00052
9,1.83506,-1.72145
9,1.33441,1.91124
9,1.84189,-1.66413
10,0.442718,-0.62254
10,1.39727,2.01696
10,1.44224,1.78275
10,1.35107,1.98588
10,1.55056,0.342398
10,1.35555,2.00052
10,1.39727,2.01696
10,0.515726,-0.867336
10,1.28388,1.51763
10,1.11272,-0.257239
10,1.3252,1.85701
10,1.44101,1.7926
10,1.31255,1.76865
10,2.00419,0.0717092
10,0.387077,-0.162606
10,1.03494,-0.504429
10,0.85063,0.202292
10,1.35555,2.00052
10,0.640643,-0.366341
10,1.14013,-0.0484161
10,1.02471,-0.498963
10,1.35661,2.00365
10,-0.670002,-1.39244
10,2.09401,0.499663
10,1.35107,1.98588
10,1.8075,-1.90949
10,1.57584,-0.085679
10,0.190066,1.24394
10,0.892566,0.0280562
10,1.40506,1.99516
10,2.29253,-0.207381
10,0.739627,0.191632
10,1.35602,2.00192
10,3.44204,2.63054
10,2.32025,-0.27543
10,1.35555,2.00052
10,1.28388,1.51763
10,0.566675,-0.771575
10,1.35602,2.00192
10,1.39727,2.01696
10,1.59542,-0.415541
10,0.973562,-0.365777
10,1.35555,2.00052
10,1.35661,2.00365
10,1.40477,1.9961
10,0.652422,-0.289305
10,1.35602,2.00192
10,1.35555,2.00052
10,1.40477,1.9961
10,1.86367,-1.45804
11,0.666186,-0.199698
11,1.28388,1.51763
11,1.96463,-0.312119
11,0.880083,0.0863578
11,2.57748,0.78094
11,1.28388,1.51763
11,0.757021,0.24597
11,1.35107,1.98588
11,2.12943,0.481589
11,1.35602,2.00192
11,1.35107,1.98588
11,1.30975,1.74709
11,0.459772,-0.720593
11,3.44204,2.63054
11,1.70209,-1.80435
11,1.35661,2.00365
11,1.35661,2.00365
11,1.35602,2.00192
11,2.27288,-0.135262
11,1.39727,2.01696
11,1.35661,2.00365
11,1.40477,1.9961
11,1.35555,2.00052
11,1.35555,2.00052
11,3.44204,2.63054
11,2.39302,-0.221891
11,1.35602,2.00192
11,1.35555,2.00052
11,1.6819,-1.62398
11,1.35661,2.00365
11,0.919344,-0.106797
11,1.39727,2.01696
11,1.35602,2.00192
11,1.35555,2.00052
11,1.72177,-1.93206
11,0.190066,1.24394
11,1.35602,2.00192
11,1.63841,-1.08772
11,0.401919,-0.302566
11,0.833766,0.250339
11,1.31746,1.80475
11,1.35602,2.00192
11,1.35555,2.00052
11,1.01968,-0.493359
11,1.35555,2.00052
11,3.44204,2.63054
11,0.940387,-0.214116
11,1.35602,2.00192
11,1.35107,1.98588
11,1.37985,2.03708
12,1.35661,2.00365
12,1.30975,1.74709
12,1.35661,2.00365
12,3.44204,2.63054
12,1.35602,2.00192
12,0.586988,-0.683189
12,2.09305,0.49876
12,1.28388,1.51763
12,1.35602,2.00192
12,2.10321,0.504419
12,1.6197,-0.807704
12,1.35602,2.00192
12,1.35602,2.00192
12,2.12,0.495716
12,1.25896,1.2557
12,3.75724,1.10831
12,1.28388,1.51763
12,1.57972,-0.151627
12,2.27288,-0.135262
12,1.7082,-1.84926
12,2.39218,-0.224499
12,1.26647,1.33794
12,1.35555,2.00052
12,1.15694,0.106274
12,0.732389,0.163722
12,3.11147,0.462887
12,1.35602,2.00192
12,1.35661,2.00365
12,1.07608,-0.439198
12,1.35602,2.00192
12,3.44204,2.63054
12,1.35661,2.00365
12,1.95175,-0.454261
12,1.06581,-0.469119
12,3.44204,2.63054
12,1.12227,-0.191133
12,0.503466,-0.858736
12,0.42937,-0.530099
12,1.35555,2.00052
12,2.14638,0.441191
12,1.6819,-1.62398
12,1.35555,2.00052
12,1.35555,2.00052
12,2.23939,0.0194219
12,0.869121,0.133581
12,3.44204,2.63054
12,1.40477,1.9961
12,0.819022,0.279088
12,1.62821,-0.938055
12,1.35661,2.00365
13,1.25896,1.2557
13,2.02625,0.239777
13,1.28388,1.51763
13,1.35555,2.00052
13,0.417405,-0.436621
13,3.29376,3.07825
13,2.48587,0.267684
13,0.5644,-0.77992
13,3.44204,2.63054
13,1.26647,1.33794
13,1.35602,2.00192
13,2.05798,0.411352
13,3.44204,2.63054
13,2.53082,0.553651
13,2.3208,-0.276327
13,1.68351,-1.64009
13,1.45966,1.62433
13,1.17834,0.327029
13,1.35555,2.00052
13,3.11147,0.462887
13,3.44204,2.63054
13,1.58288,-0.205135
13,2.03567,0.299699
13,1.35602,2.00192
13,1.5372,0.563454
13,1.87058,-1.38636
13,1.35661,2.00365
13,2.44294,0.00154661
13,3.44204,2.63054
13,1.3086,1.73802
13,1.54044,0.510368
13,1.59149,-0.350048
13,1.35602,2.00192
13,2.70286,0.596354
13,1.57591,-0.0869199
13,2.85493,-0.843639
13,3.55308,1.44606
13,1.35661,2.00365
13,3.24022,2.58295
13,1.35555,2.00052
13,4.05701,1.13232
13,1.57668,-0.0999568
13,2.4585,0.093155
13,1.35602,2.00192
13,2.03514,0.296554
13,1.35602,2.00192
13,1.35555,2.00052
13,1.31773,1.80666
13,1.25703,1.23425
13,1.35555,2.00052
14,0.59385,-0.64832
14,3.44204,2.63054
14,1.35602,2.00192
14,3.07254,-0.179562
14,0.97912,-0.387353
14,1.26647,1.33794
14,1.05978,-0.482389
14,1.35661,2.00365
14,1.25703,1.23425
14,3.44204,2.63054
14,1.35661,2.00365
14,1.72069,-1.92634
14,3.46812,2.35697
14,1.3086,1.73802
14,1.58112,-0.175244
14,1.77945,-2.01768
14,1.81647,-1.8565
14,0.848181,0.2102
14,3.74045,1.03046
14,1.24817,1.13387
14,4.29316,0.868972
14,0.452103,-0.679402
14,0.40841,-0.360401
14,1.35602,2.00192
14,3.44204,2.63054
14,3.24022,2.58295
14,1.72618,-1.95388
14,2.47572,0.201733
14,3.29376,3.07825
14,3.44204,2.63054
14,0.937569,-0.199994
14,1.35661,2.00365
14,3.44204,2.63054
14,2.42142,-0.110151
14,1.86268,-1.46804
14,1.35661,2.00365
14,1.16731,0.210304
14,3.29376,3.07825
14,2.48587,0.267684
14,1.31773,1.80666
14,2.08603,0.489799
14,0.414248,-0.410422
14,3.44204,2.63054
14,1.35602,2.00192
14,1.69094,-1.71073
14,3.28535,3.0239
14,3.55308,1.44606
14,1.5372,0.563454
14,0.7497,0.225367
14,3.29376,3.07825
15,3.64093,0.902924
15,3.29376,3.07825
15,3.27895,2.97642
15,3.29376,3.07825
15,3.24022,2.58295
15,4.25978,0.654345
15,3.44204,2.63054
15,1.26647,1.33794
15,1.35602,2.00192
15,3.33982,3.21123
15,1.31773,1.80666
15,3.44204,2.63054
15,1.35661,2.00365
15,4.25322,0.622114
15,1.3086,1.73802
15,1.24817,1.13387
15,1.35661,2.00365
15,4.33201,1.20331
15,1.35602,2.00192
15,3.44204,2.63054
15,1.24817,1.13387
15,3.28535,3.0239
15,3.28535,3.0239
15,1.06072,-0.480533
15,3.62945,0.938019
15,2.57539,0.773327
15,2.05926,0.416445
15,3.44204,2.63054
15,2.1145,0.500957
15,1.84032,-1.67763
15,3.29376,3.07825
15,0.636597,-0.392619
15,2.54163,0.615439
15,1.31773,1.80666
15,3.29376,3.07825
15,1.54837,0.378889
15,1.67255,-1.52463
15,0.988145,-0.419244
15,2.25603,-0.0612946
15,3.44204,2.63054
15,1.25703,1.23425
15,1.35661,2.00365
15,3.29376,3.07825
15,1.34877,1.97745
15,4.05275,1.16091
15,2.46904,0.158957
15,2.66374,0.798044
15,4.09675,0.869316
15,2.77921,-0.0875059
15,3.28535,3.0239
16,2.60414,0.851176
16,3.26666,2.87084
16,0.699643,0.00402422
16,3.5606,1.37732
16,3.48504,2.1694
16,3.57828,1.22993
16,2.55576,0.688811
16,4.2044,0.49671
16,3.44204,2.63054
16,1.31773,1.80666
16,4.21961,0.513627
16,3.31445,3.17251
16,1.35602,2.00192
16,1.34877,1.97745
16,1.29924,1.6601
16,3.29376,3.07825
16,1.31773,1.80666
16,2.01766,0.178875
16,3.29376,3.07825
16,1.35661,2.00365
16,0.932403,-0.173824
16,3.29376,3.07825
16,3.33982,3.21123
16,3.02695,-0.780032
16,2.79336,-0.235866
16,1.73191,-1.97844
16,1.35661,2.00365
16,4.23066,0.538557
16,3.56537,1.33553
16,3.52709,1.70609
16,3.29376,3.07825
16,3.44204,2.63054
16,2.46149,0.111585
16,3.44204,2.63054
16,3.28535,3.0239
16,3.44204,2.63054
16,3.44204,2.63054
16,4.09745,0.864944
16,3.27895,2.97642
16,2.40748,-0.170656
16,3.19601,1.94563
16,4.95832,-2.34178
16,1.99517,-0.00731205
16,3.44204,2.63054
16,3.19501,1.92934
16,1.25703,1.23425
16,4.06439,1.0826
16,4.08597,0.938632
16,4.1013,0.840974
16,3.44231,2.62787
17,3.44483,2.6026
17,3.26666,2.87084
17,2.59002,0.820447
17,3.27064,2.90706
17,3.44204,2.63054
17,3.44204,2.63054
17,2.43352,-0.0497999
17,3.29376,3.07825
17,3.29376,3.07825
17,2.33261,-0.290968
17,3.69933,0.894515
17,2.907,-1.1806
17,3.95106,1.6703
17,3.26666,2.87084
17,4.80122,-1.54962
17,3.56799,1.31314
17,3.29376,3.07825
17,3.29376,3.07825
17,3.18503,1.76439
17,3.44204,2.63054
17,2.51395,0.450047
17,2.53574,0.582306
17,3.29639,3.09337
17,3.28535,3.0239
17,1.35661,2.00365
17,3.44231,2.62787
17,4.08597,0.938632
17,3.98537,1.55294
17,3.48504,2.1694
17,3.38212,3.09736
17,3.97783,1.5848
17,4.08871,0.920769
17,3.57895,1.22473
17,1.35661,2.00365
17,2.96837,-1.20358
17,4.09079,0.907305
17,3.29376,3.07825
17,4.18452,0.504443
17,1.02769,-0.501384
17,4.25666,0.638556
17,3.14066,0.983195
17,4.92047,-2.43208
17,3.31445,3.17251
17,3.31445,3.17251
17,3.26666,2.87084
17,3.40642,2.94378
17,3.44204,2.63054
17,3.29376,3.07825
17,3.52709,1.70609
17,3.91298,1.71028
18,3.29376,3.07825
18,2.86565,-0.931456
18,3.48425,2.1783
18,2.60584,0.853835
18,3.08174,-0.0360172
18,1.35661,2.00365
18,3.31445,3.17251
18,3.27064,2.90706
18,3.29376,3.07825
18,2.93167,-1.24512
18,3.8635,1.61931
18,3.29376,3.07825
18,4.06955,1.04787
18,3.96291,1.638
18,3.44483,2.6026
18,3.00678,-0.974269
18,2.70658,0.570756
18,3.44204,2.63054
18,3.31445,3.17251
18,3.72028,0.952203
18,2.52163,0.498134
18,2.56822,0.745109
18,3.03974,-0.632649
18,3.31445,3.17251
18,3.31445,3.17251
18,3.26666,2.87084
18,2.48607,0.269024
18,3.44204,2.63054
18,2.47552,0.200434
18,3.29376,3.07825
18,3.42961,2.74959
18,3.53956,1.57739
18,3.42807,2.76375
18,3.29376,3.07825
18,1.35661,2.00365
18,3.98232,1.56622
18,4.08597,0.938632
18,3.26666,2.87084
18,3.29376,3.07825
18,3.48504,2.1694
18,3.25585,2.76285
18,3.44204,2.63054
18,3.05929,-0.374488
18,3.38212,3.09736
18,2.61015,0.859548
18,3.11501,0.524902
18,4.24923,0.604196
18,3.38212,3.09736
18,4.09124,0.904394
18,3.29376,3.07825
19,2.6938,0.654166
19,3.31445,3.17251
19,3.29376,3.07825
19,3.57272,1.27396
19,3.75321,1.08877
19,1.35661,2.00365
19,3.29376,3.07825
19,3.07975,-0.067646
19,3.12208,0.650036
19,2.70512,0.580947
19,3.97096,1.61098
19,3.71379,0.931496
19,2.75791,0.129279
19,3.29376,3.07825
19,3.92087,1.71015
19,3.31445,3.17251
19,4.02798,1.32187
19,4.14905,0.595788
19,0.818388,0.280027
19,3.38212,3.09736
19,3.38212,3.09736
19,3.53956,1.57739
19,3.48425,2.1783
19,2.45308,0.0604003
19,2.61481,0.864006
19,3.49148,2.0973
19,3.29376,3.07825
19,3.38212,3.09736
19,3.29376,3.07825
19,3.16617,1.43905
19,3.29376,3.07825
19,3.29376,3.07825
19,2.91712,-1.21552
19,2.82723,-0.585723
19,3.72028,0.952203
19,3.44204,2.63054
19,3.38212,3.09736
19,2.96553,-1.21296
19,3.684,0.870809
19,3.26666,2.87084
19,3.29376,3.07825
19,3.31445,3.17251
19,4.14897,0.596088
19,3.24686,2.66259
19,3.29376,3.07825
19,2.68735,0.691408
19,1.35661,2.00365
19,2.34268,-0.296317
19,3.31445,3.17251
19,3.19245,1.88765
20,3.49148,2.0973
20,3.38212,3.09736
20,3.26666,2.87084
20,3.34237,3.21052
20,3.31445,3.17251
20,3.41839,2.84866
20,3.38212,3.09736
20,3.92087,1.71015
20,4.1253,0.70379
20,4.2764,0.751166
20,4.19924,0.495513
20,3.24686,2.66259
20,2.73777,0.319749
20,4.32539,1.14163
20,4.6145,1.67629
20,2.61343,0.86287
20,3.29376,3.07825
20,2.617,0.865487
20,3.38212,3.09736
20,3.36895,3.15526
20,2.78618,-0.160398
20,3.97096,1.61098
20,1.35661,2.00365
20,3.31445,3.17251
20,3.31445,3.17251
20,3.684,0.870809
20,3.53956,1.57739
20,3.26666,2.87084
20,3.29376,3.07825
20,3.19245,1.88765
20,2.93952,-1.25053
20,3.31445,3.17251
20,2.45067,0.0461273
20,3.81482,1.40897
20,2.68232,0.718056
20,3.85059,1.57266
20,2.42572,-0.0894693
20,3.44498,2.60107
20,3.29376,3.07825
20,3.44204,2.63054
20,4.1296,0.681906
20,3.19245,1.88765
20,3.29376,3.07825
20,3.08114,-0.0455964
20,4.137,0.646546
20,3.44204,2.63054
20,1.35661,2.00365
20,3.88632,1.68001
20,3.47461,2.28554
20,3.12887,0.771355
21,3.29376,3.07825
21,3.47461,2.28554
21,3.24686,2.66259
21,3.31445,3.17251
21,3.20712,2.12106
21,2.83257,-0.638292
21,3.34237,3.21052
21,3.29376,3.07825
21,2.31723,-0.27018
21,3.38212,3.09736
21,1.35661,2.00365
21,3.35008,3.20337
21,3.71022,0.921135
21,4.15798,0.56419
21,2.63784,0.859082
21,3.68116,0.868309
21,3.29376,3.07825
21,2.40063,-0.196466
21,2.80208,-0.327555
21,3.92087,1.71015
21,3.31445,3.17251
21,4.17929,0.511917
21,3.44204,2.63054
21,3.67368,0.864714
21,2.88899,-1.09161
21,3.93942,1.69303
21,4.40971,1.95178
21,2.59147,0.824288
21,3.38212,3.09736
21,2.57434,0.769402
21,3.35818,3.18792
21,3.29376,3.07825
21,2.97896,-1.15936
21,3.98061,1.5734
21,3.41839,2.84866
21,3.80304,1.34782
21,3.16375,1.39645
21,3.31445,3.17251
21,3.98898,1.5366
21,3.52214,1.75875
21,3.44498,2.60107
21,3.45881,2.4575
21,3.38212,3.09736
21,2.45094,0.0477274
21,3.44498,2.60107
21,3.10116,0.284817
21,3.26666,2.87084
21,3.49148,2.0973
21,3.74354,1.04405
21,3.38212,3.09736
22,2.76587,0.0496856
22,4.01496,1.40027
22,3.31445,3.17251
22,4.59302,1.94178
22,1.35661,2.00365
22,2.4806,0.23335
22,2.32699,-0.285112
22,3.35818,3.18792
22,3.78086,1.22976
22,2.48173,0.240678
22,3.93942,1.69303
22,3.38212,3.09736
22,4.40971,1.95178
22,3.51847,1.7983
22,2.26417,-0.0981918
22,3.84217,1.53817
22,3.38212,3.09736
22,2.9866,-1.11839
22,2.53836,0.597193
22,3.26666,2.87084
22,2.65737,0.818551
22,0.522812,-0.866393
22,2.88811,-1.08643
22,2.26684,-0.109844
22,4.07818,0.990064
22,3.26666,2.87084
22,3.44498,2.60107
22,3.35818,3.18792
22,3.34237,3.21052
22,2.46928,0.160477
22,3.41839,2.84866
22,3.38212,3.09736
22,3.26175,2.8235
22,4.08386,0.952473
22,4.23486,0.550811
22,3.34237,3.21052
22,2.8309,-0.621956
22,3.38212,3.09736
22,3.44204,2.63054
22,3.98061,1.5734
22,3.35008,3.20337
22,3.51606,1.82442
22,3.78485,1.25098
22,3.38321,3.09171
22,3.34237,3.21052
22,2.76798,0.0282316
22,3.44498,2.60107
22,3.31445,3.17251
22,4.12475,0.706648
22,3.34237,3.21052
23,3.44204,2.63054
23,3.21068,2.17529
23,4.11405,0.765199
23,3.38212,3.09736
23,3.97237,1.60582
23,3.66472,0.86627
23,2.1227,0.492321
23,4.64294,1.25264
23,3.38321,3.09171
23,3.27414,2.93739
23,3.35818,3.18792
23,2.43064,-0.0647416
23,3.26175,2.8235
23,3.38212,3.09736
23,3.33901,3.21129
23,3.34237,3.21052
23,3.82593,1.46411
23,3.38212,3.09736
23,3.23444,2.50969
23,4.07995,0.97824
23,2.70732,0.565605
23,3.0374,-0.660963
23,3.26175,2.8235
23,3.98454,1.55659
23,3.38212,3.09736
23,4.12475,0.706648
23,3.38212,3.09736
23,2.58371,0.801937
23,3.99585,1.50357
23,3.34237,3.21052
23,3.34237,3.21052
23,3.35818,3.18792
23,3.90157,1.70303
23,3.34237,3.21052
23,3.72328,0.962567
23,1.35661,2.00365
23,3.26175,2.8235
23,3.80922,1.38015
23,3.44204,2.63054
23,2.89645,-1.13247
23,3.31445,3.17251
23,2.58137,0.794352
23,3.35818,3.18792
23,3.75071,1.0769
23,3.38212,3.09736
23,3.34237,3.21052
23,4.20219,0.495919
23,4.23486,0.550811
23,3.34237,3.21052
23,4.08511,0.94426
24,4.02692,1.32847
24,3.35818,3.18792
24,3.97237,1.60582
24,3.08613,0.034442
24,3.34237,3.21052
24,3.25765,2.78175
24,3.12501,0.702307
24,2.86153,-0.898626
24,2.75349,0.172538
24,3.38212,3.09736
24,3.34237,3.21052
24,3.34237,3.21052
24,3.35818,3.18792
24,4.29228,0.862372
24,4.27826,0.763317
24,3.99246,1.52019
24,3.35818,3.18792
24,3.66772,0.865023
24,3.34237,3.21052
24,2.78386,-0.136109
24,1.82422,-1.80417
24,2.62861,0.866548
24,3.38212,3.09736
24,3.63252,0.927525
24,3.38212,3.09736
24,3.74247,1.03928
24,3.98454,1.55659
24,3.27414,2.93739
24,2.63,0.865898
24,3.34237,3.21052
24,3.14535,1.06769
24,3.35818,3.18792
24,3.26175,2.8235
24,2.79588,-0.262425
24,3.38212,3.09736
24,4.24481,0.585922
24,3.35818,3.18792
24,3.31445,3.17251
24,2.93546,-1.24868
24,3.35818,3.18792
24,3.33901,3.21129
24,3.34237,3.21052
24,3.38212,3.09736
24,3.34237,3.21052
24,0.481455,-0.810074
24,3.9991,1.48717
24,3.45825,2.46343
24,3.27414,2.93739
24,2.4944,0.323541
24,3.38212,3.09736
25,2.79725,-0.276839
25,3.34237,3.21052
25,3.71007,0.920708
25,3.35818,3.18792
25,3.38212,3.09736
25,3.34237,3.21052
25,2.90489,-1.17188
25,3.35818,3.18792
25,4.02476,1.34175
25,3.33901,3.21129
25,3.35818,3.18792
25,3.34237,3.21052
25,3.45825,2.46343
25,3.34237,3.21052
25,2.68262,0.716532
25,2.61771,0.86588
25,3.34237,3.21052
25,3.31445,3.17251
25,4.03664,1.26694
25,3.33901,3.21129
25,2.54027,0.607932
25,3.34237,3.21052
25,3.76127,1.12828
25,3.35818,3.18792
25,2.96052,-1.22695
25,2.98057,-1.15135
25,3.27414,2.93739
25,2.78569,-0.155264
25,3.35818,3.18792
25,3.27414,2.93739
25,3.66772,0.865023
25,3.34237,3.21052
25,2.57516,0.772497
25,3.34237,3.21052
25,3.69876,0.893339
25,2.3431,-0.296394
25,3.34237,3.21052
25,3.31445,3.17251
25,4.09196,0.899805
25,4.19397,0.496628
25,3.34237,3.21052
25,3.14,0.971283
25,3.35818,3.18792
25,3.34237,3.21052
25,2.39426,-0.217993
25,3.876,1.65627
25,4.35861,1.46208
25,3.25494,2.75308
25,2.94514,-1.24971
25,3.9991,1.48717
26,4.54986,2.30752
26,2.84637,-0.768216
26,3.31445,3.17251
26,3.27414,2.93739
26,2.52025,0.489585
26,3.97016,1.61382
26,3.9991,1.48717
26,3.2494,2.69191
26,3.35818,3.18792
26,4.03664,1.26694
26,3.67008,0.864558
26,3.661,0.868851
26,3.42758,2.76816
26,3.27414,2.93739
26,3.31445,3.17251
26,3.73097,0.991261
26,3.53862,1.58686
26,3.35818,3.18792
26,3.44708,2.57979
26,2.83054,-0.618489
26,3.35818,3.18792
26,3.61752,0.986605
26,2.7424,0.277604
26,3.33901,3.21129
26,3.34237,3.21052
26,3.33901,3.21129
26,3.35818,3.18792
26,3.34237,3.21052
26,3.35818,3.18792
26,3.34237,3.21052
26,3.34237,3.21052
26,3.35818,3.18792
26,3.31445,3.17251
26,4.18201,0.50775
26,2.92121,-1.22635
26,4.64225,1.26374
26,3.34237,3.21052
26,4.03671,1.26654
26,3.45266,2.5223
26,3.33901,3.21129
26,3.34237,3.21052
26,4.07429,1.01603
26,3.34237,3.21052
26,3.34237,3.21052
26,3.34237,3.21052
26,3.45825,2.46343
26,4.10574,0.81396
26,4.05283,1.16038
26,3.40139,2.98011
26,2.44623,0.0202597
27,4.03044,1.30644
27,3.35818,3.18792
27,3.35818,3.18792
27,3.27414,2.93739
27,3.34237,3.21052
27,3.35818,3.18792
27,3.33901,3.21129
27,3.44708,2.57979
27,3.34237,3.21052
27,3.35818,3.18792
27,3.72559,0.970895
27,3.31445,3.17251
27,3.34237,3.21052
27,2.96771,-1.20585
27,3.34237,3.21052
27,2.7792,-0.0873852
27,4.13623,0.650089
27,3.40139,2.98011
27,3.7602,1.12291
27,3.12499,0.701955
27,3.34237,3.21052
27,2.6021,0.847688
27,4.03664,1.26694
27,2.9703,-1.19661
27,2.446,0.0189172
27,3.34237,3.21052
27,2.43345,-0.0501407
27,3.08085,-0.0501569
27,4.1106,0.785119
27,3.34237,3.21052
27,2.97239,-1.18852
27,3.35818,3.18792
27,2.8599,-0.885358
27,3.78791,1.2673
27,3.49995,2.00244
27,3.91216,1.71005
27,3.31445,3.17251
27,3.34237,3.21052
27,3.34237,3.21052
27,3.34237,3.21052
27,3.34237,3.21052
27,3.34237,3.21052
27,3.33901,3.21129
27,3.35818,3.18792
27,3.34237,3.21052
27,3.73707,1.01602
27,4.03162,1.29899
27,3.34237,3.21052
27,3.35818,3.18792
27,3.33901,3.21129
28,2.53176,0.559205
28,3.33901,3.21129
28,3.45338,2.5148
28,3.35818,3.18792
28,3.33901,3.21129
28,3.63639,0.915449
28,4.11642,0.751808
28,3.81855,1.42781
28,3.34237,3.21052
28,2.8204,-0.517151
28,3.34237,3.21052
28,3.35818,3.18792
28,3.34237,3.21052
28,3.35818,3.18792
28,3.34237,3.21052
28,4.10342,0.828006
28,3.35818,3.18792
28,3.35818,3.18792
28,3.34237,3.21052
28,3.31445,3.17251
28,3.27414,2.93739
28,3.27414,2.93739
28,3.33901,3.21129
28,3.44353,2.61566
28,3.66347,0.867011
28,3.54432,1.5301
28,4.26859,0.703034
28,3.34237,3.21052
28,2.85554,-0.848871
28,3.19061,1.85742
28,3.34237,3.21052
28,3.86036,1.60873
28,3.35818,3.18792
28,3.33901,3.21129
28,3.58756,1.16141
28,3.92118,1.71006
28,3.58897,1.15154
28,3.31445,3.17251
28,3.34237,3.21052
28,4.03162,1.29899
28,3.35818,3.18792
28,3.33901,3.21129
28,4.32751,1.16123
28,3.27414,2.93739
28,3.31445,3.17251
28,3.34237,3.21052
28,2.71382,0.518172
28,3.72572,0.971362
28,3.70041,0.896817
28,2.45915,0.0971791
29,2.65531,0.824426
29,3.35818,3.18792
29,3.34237,3.21052
29,3.34237,3.21052
29,3.11566,0.53649
29,4.30226,0.940445
29,3.75254,1.0856
29,3.34237,3.21052
29,3.33901,3.21129
29,3.58756,1.16141
29,3.33901,3.21129
29,2.43871,-0.0219331
29,3.31445,3.17251
29,3.35818,3.18792
29,3.34237,3.21052
29,3.86036,1.60873
29,4.29322,0.869406
29,4.08819,0.924146
29,3.86841,1.63485
29,3.33901,3.21129
29,3.43171,2.73012
29,4.1732,0.523335
29,3.34237,3.21052
29,4.3016,0.935127
29,2.57057,0.754721
29,3.33901,3.21129
29,3.50679,1.92634
29,3.34237,3.21052
29,3.33901,3.21129
29,3.34237,3.21052
29,3.31445,3.17251
29,2.69474,0.64847
29,3.33901,3.21129
29,3.34237,3.21052
29,3.33901,3.21129
29,3.43009,2.74515
29,3.34237,3.21052
29,3.34237,3.21052
29,3.36025,3.1827
29,2.8533,-0.829626
29,3.27414,2.93739
29,3.27414,2.93739
29,4.0142,1.40472
29,2.38018,-0.256696
29,2.64868,0.840762
29,3.35818,3.18792
29,3.35818,3.18792
29,3.34237,3.21052
29,3.34237,3.21052
29,3.34237,3.21052
30,3.01118,-0.936104
30,3.08849,0.0729764
30,3.94206,1.68867
30,3.35818,3.18792
30,3.34237,3.21052
30,3.33901,3.21129
30,3.34237,3.21052
30,3.60675,1.04094
30,3.78958,1.27627
30,3.41026,2.91451
30,3.91781,1.71071
30,3.34237,3.21052
30,3.34237,3.21052
30,3.34237,3.21052
30,2.66973,0.77551
30,3.9496,1.67365
30,3.33901,3.21129
30,3.22034,2.31741
30,3.46571,2.38318
30,3.78559,1.25496
30,3.86841,1.63485
30,2.86073,-0.892145
30,3.34237,3.21052
30,3.34237,3.21052
30,3.33901,3.21129
30,3.33901,3.21129
30,3.96638,1.62683
30,3.33901,3.21129
30,3.33901,3.21129
30,4.0142,1.40472
30,3.34237,3.21052
30,3.35818,3.18792
30,4.30226,0.940445
30,3.13693,0.916049
30,2.44539,0.0154503
30,4.30226,0.940445
30,3.33901,3.21129
30,2.42939,-0.0711601
30,2.58245,0.797892
30,4.33632,1.24417
30,3.98209,1.5672
30,2.6542,0.827413
30,3.68979,0.877771
30,3.81931,1.43159
30,3.63235,0.92807
30,3.34237,3.21052
30,3.33901,3.21129
30,3.4668,2.37137
30,3.21584,2.25225
30,3.33901,3.21129
31,4.07029,1.04287
31,3.34237,3.21052
31,4.00413,1.46078
31,3.34237,3.21052
31,3.08003,-0.0632564
31,3.4668,2.37137
31,3.35818,3.18792
31,3.35818,3.18792
31,3.22034,2.31741
31,3.34237,3.21052
31,3.33901,3.21129
31,3.9496,1.67365
31,3.33901,3.21129
31,3.33901,3.21129
31,3.0179,-0.873188
31,3.34237,3.21052
31,3.2363,2.53365
31,3.33901,3.21129
31,2.63825,0.858585
31,3.33901,3.21129
31,3.33901,3.21129
31,4.00393,1.46184
31,3.46708,2.36827
31,4.01924,1.37514
31,4.35058,1.38266
31,3.33901,3.21129
31,3.33901,3.21129
31,4.07,1.04483
31,3.81931,1.43159
31,3.33901,3.21129
31,4.14468,0.613158
31,3.33901,3.21129
31,3.08325,-0.0120335
31,3.33901,3.21129
31,2.81333,-0.444707
31,3.33901,3.21129
31,3.3557,3.19351
31,3.34237,3.21052
31,3.24728,2.66755
31,3.19626,1.94961
31,2.80141,-0.320552
31,3.34237,3.21052
31,3.34237,3.21052
31,3.34237,3.21052
31,3.2632,2.83779
31,3.30375,3.13078
31,3.39132,3.04595
31,3.34237,3.21052
31,3.33901,3.21129
31,2.92163,-1.22735
32,3.33901,3.21129
32,3.33901,3.21129
32,3.33901,3.21129
32,3.34237,3.21052
32,2.87036,-0.967439
32,2.92951,-1.24231
32,3.6879,0.875229
32,3.70475,0.906806
32,2.82003,-0.513346
32,2.49257,0.311562
32,3.27677,2.95911
32,3.72042,0.952671
32,4.18298,0.506418
32,3.33901,3.21129
32,4.16182,0.552277
32,3.33901,3.21129
32,3.03792,-0.654606
32,3.49757,2.0291
32,3.27289,2.92675
32,3.1993,1.99844
32,3.71272,0.928312
32,3.3557,3.19351
32,3.35818,3.18792
32,3.34237,3.21052
32,3.33901,3.21129
32,3.34237,3.21052
32,3.34237,3.21052
32,3.33901,3.21129
32,4.12915,0.684191
32,4.11866,0.739338
32,3.1221,0.650474
32,3.33901,3.21129
32,3.33901,3.21129
32,3.33901,3.21129
32,3.33901,3.21129
32,3.34237,3.21052
32,3.67652,0.865565
32,3.03257,-0.71745
32,3.33901,3.21129
32,4.01313,1.41087
32,3.33901,3.21129
32,3.30375,3.13078
32,3.26634,2.86783
32,3.34237,3.21052
32,4.11884,0.738396
32,3.14806,1.11632
32,3.33901,3.21129
32,3.34237,3.21052
32,3.34237,3.21052
32,4.20662,0.497932
33,3.6879,0.875229
33,3.34237,3.21052
33,3.34237,3.21052
33,3.40666,2.94199
33,3.33901,3.21129
33,4.09665,0.869955
33,3.35818,3.18792
33,4.13156,0.672257
33,3.33901,3.21129
33,2.64847,0.841209
33,2.643,0.851659
33,3.34237,3.21052
33,4.00897,1.43435
33,2.91953,-1.22213
33,3.35808,3.18817
33,3.26199,2.82585
33,3.34237,3.21052
33,3.1993,1.99844
33,3.33901,3.21129
33,3.88264,1.67227
33,3.26634,2.86783
33,3.33901,3.21129
33,3.37396,3.1355
33,2.52434,0.514739
33,3.33901,3.21129
33,3.15229,1.1923
33,3.33901,3.21129
33,2.38264,-0.250843
33,3.33901,3.21129
33,3.33901,3.21129
33,3.34237,3.21052
33,3.33901,3.21129
33,3.8053,1.35971
33,3.89317,1.69219
33,4.00281,1.46785
33,3.68585,0.872763
33,3.3557,3.19351
33,3.60665,1.04147
33,3.82845,1.47616
33,3.34237,3.21052
33,3.27677,2.95911
33,2.4996,0.357557
33,2.93265,-1.24621
33,3.33901,3.21129
33,3.33901,3.21129
33,3.32451,3.19793
33,4.58218,2.05564
33,3.34237,3.21052
33,3.34237,3.21052
33,3.27289,2.92675
34,3.33901,3.21129
34,3.33901,3.21129
34,3.9649,1.63167
34,2.35159,-0.295437
34,3.7579,1.11155
34,2.79437,-0.246457
34,3.99537,1.50598
34,3.89121,1.68901
34,3.34237,3.21052
34,3.33901,3.21129
34,3.33901,3.21129
34,4.21958,0.513586
34,3.34237,3.21052
34,3.88847,1.68415
34,3.60068,1.07581
34,4.24818,0.59969
34,3.33901,3.21129
34,4.33682,1.24896
34,3.33901,3.21129
34,3.33901,3.21129
34,3.33901,3.21129
34,3.6014,1.0715
34,3.33901,3.21129
34,2.54371,0.626811
34,3.34237,3.21052
34,3.33901,3.21129
34,3.33901,3.21129
34,3.83084,1.48744
34,4.22986,0.536399
34,3.33901,3.21129
34,3.33901,3.21129
34,3.34237,3.21052
34,3.32451,3.19793
34,4.23287,0.544827
34,4.47571,2.3786
34,3.27289,2.92675
34,3.34237,3.21052
34,2.80705,-0.37956
34,2.89352,-1.11705
34,3.35818,3.18792
34,3.33901,3.21129
34,2.76856,0.0223356
34,3.33901,3.21129
34,3.34237,3.21052
34,3.33901,3.21129
34,4.28472,0.80729
34,2.34355,-0.296463
34,3.34237,3.21052
34,2.84494,-0.755215
34,3.22703,2.41099
35,2.83829,-0.693208
35,3.33901,3.21129
35,3.33901,3.21129
35,3.83084,1.48744
35,4.47571,2.3786
35,3.20614,2.10597
35,2.76875,0.0204593
35,3.91607,1.71074
35,4.07732,0.995759
35,3.04867,-0.519372
35,3.34237,3.21052
35,3.33901,3.21129
35,3.33901,3.21129
35,3.88847,1.68415
35,3.34237,3.21052
35,3.7579,1.11155
35,3.78518,1.25276
35,3.19412,1.91494
35,2.90532,-1.17369
35,3.33901,3.21129
35,3.33901,3.21129
35,3.22703,2.41099
35,2.65417,0.827495
35,3.33901,3.21129
35,3.33901,3.21129
35,4.28799,0.830649
35,3.33901,3.21129
35,2.78025,-0.0983015
35,2.63073,0.865492
35,3.33901,3.21129
35,3.33901,3.21129
35,3.34237,3.21052
35,3.33901,3.21129
35,3.34237,3.21052
35,3.19575,1.94145
35,3.07204,-0.187242
35,3.33901,3.21129
35,3.33901,3.21129
35,3.33901,3.21129
35,2.50782,0.410885
35,3.33901,3.21129
35,3.33901,3.21129
35,3.34237,3.21052
35,3.08984,0.0951229
35,3.33901,3.21129
35,3.33901,3.21129
35,3.75965,1.12021
35,2.43263,-0.0544796
35,3.33901,3.21129
35,2.70333,0.593134
36,3.16371,1.39561
36,3.33901,3.21129
36,2.85048,-0.804973
36,2.68259,0.716682
36,3.33901,3.21129
36,4.01825,1.38104
36,3.17823,1.64885
36,2.44483,0.0122232
36,2.48386,0.254609
36,2.65761,0.817833
36,2.79649,-0.26881
36,3.33901,3.21129
36,3.34237,3.21052
36,2.83241,-0.636687
36,3.02382,-0.813309
36,3.53284,1.64592
36,3.34237,3.21052
36,2.57588,0.77513
36,3.67752,0.866018
36,2.65523,0.824637
36,3.26564,2.86129
36,3.33901,3.21129
36,4.72139,-0.170907
36,3.33901,3.21129
36,3.11108,0.456121
36,3.03864,-0.646031
36,3.33901,3.21129
36,3.33901,3.21129
36,3.33901,3.21129
36,3.33901,3.21129
36,3.33901,3.21129
36,3.33901,3.21129
36,2.48867,0.28605
36,3.34237,3.21052
36,3.4223,2.8151
36,3.33901,3.21129
36,3.85757,1.59888
36,2.68397,0.709537
36,3.17382,1.57273
36,3.88138,1.66944
36,2.7372,0.32487
36,2.71502,0.50911
36,3.33901,3.21129
36,4.24293,0.578643
36,2.40226,-0.190563
36,2.75022,0.204118
36,3.33901,3.21129
36,3.33901,3.21129
36,3.34237,3.21052
36,3.33901,3.21129
37,3.33901,3.21129
37,3.33901,3.21129
37,2.68259,0.716682
37,3.85757,1.59888
37,3.33901,3.21129
37,3.33901,3.21129
37,4.04975,1.18091
37,3.33901,3.21129
37,3.33901,3.21129
37,3.33901,3.21129
37,3.33901,3.21129
37,3.33901,3.21129
37,3.34237,3.21052
37,3.34237,3.21052
37,3.95407,1.66298
37,3.33901,3.21129
37,3.01675,-0.884278
37,3.33901,3.21129
37,3.01453,-0.905386
37,2.392,-0.225043
37,3.33901,3.21129
37,3.84047,1.53086
37,2.57588,0.77513
37,2.74306,0.271522
37,3.25502,2.75395
37,2.68259,0.716682
37,3.33901,3.21129
37,2.9009,-1.15415
37,3.7601,1.12243
37,3.17382,1.57273
37,2.62042,0.866989
37,3.25292,2.7312
37,3.33901,3.21129
37,1.87129,-1.37887
37,3.34237,3.21052
37,3.33901,3.21129
37,2.93412,-1.24762
37,2.75022,0.204118
37,3.34237,3.21052
37,3.69059,0.878938
37,3.53284,1.64592
37,3.53284,1.64592
37,3.33901,3.21129
37,3.37211,3.14312
37,3.6652,0.866021
37,3.33901,3.21129
37,2.8261,-0.574474
37,3.04011,-0.628098
37,2.98678,-1.11737
37,4.01825,1.38104
38,3.34237,3.21052
38,3.33901,3.21129
38,4.04975,1.18091
38,3.37211,3.14312
38,3.25502,2.75395
38,4.25099,0.611943
38,3.69708,0.889992
38,3.34237,3.21052
38,3.34237,3.21052
38,3.33901,3.21129
38,3.92484,1.70847
38,3.33901,3.21129
38,3.32205,3.19293
38,3.76013,1.12259
38,2.52135,0.496383
38,2.75062,0.200235
38,3.33901,3.21129
38,4.25939,0.652359
38,3.84047,1.53086
38,4.30618,0.972749
38,4.10693,0.806811
38,2.60388,0.850745
38,3.33901,3.21129
38,3.56226,1.36262
38,3.57329,1.26934
38,3.74769,1.06287
38,3.03405,-0.700355
38,3.33901,3.21129
38,3.34237,3.21052
38,3.33901,3.21129
38,2.90674,-1.17953
38,3.5198,1.78392
38,3.33901,3.21129
38,3.33901,3.21129
38,4.27777,0.760085
38,3.33901,3.21129
38,3.33901,3.21129
38,3.74021,1.02944
38,3.33901,3.21129
38,3.37211,3.14312
38,3.33901,3.21129
38,3.32534,3.19943
38,3.33901,3.21129
38,3.33901,3.21129
38,3.33901,3.21129
38,3.69166,0.880545
38,3.33901,3.21129
38,2.87076,-0.970392
38,4.56014,2.24197
38,4.14326,0.619056
39,3.7205,0.952936
39,3.34237,3.21052
39,3.34237,3.21052
39,4.03613,1.27026
39,3.34237,3.21052
39,3.37211,3.14312
39,3.33901,3.21129
39,3.40782,2.93321
39,3.37211,3.14312
39,3.57802,1.23191
39,3.11365,0.501131
39,3.33901,3.21129
39,4.04687,1.20004
39,3.33901,3.21129
39,3.47889,2.23802
39,3.33901,3.21129
39,4.13455,0.65791
39,4.04975,1.18091
39,2.73649,0.331234
39,2.70018,0.614082
39,3.33901,3.21129
39,3.33901,3.21129
39,3.33901,3.21129
39,2.82054,-0.518549
39,3.5198,1.78392
39,3.33901,3.21129
39,2.89687,-1.13457
39,3.33901,3.21129
39,2.52768,0.534948
39,2.89802,-1.14035
39,3.34237,3.21052
39,3.33901,3.21129
39,3.57329,1.26934
39,3.52952,1.68048
39,3.33901,3.21129
39,4.05015,1.1783
39,2.94598,-1.24925
39,3.40961,2.91959
39,3.33901,3.21129
39,2.56305,0.722816
39,2.60805,0.856956
39,3.33901,3.21129
39,3.55235,1.45289
39,3.56226,1.36262
39,3.73843,1.0218
39,3.34237,3.21052
39,4.14987,0.592653
39,3.34237,3.21052
39,3.33901,3.21129
39,3.34237,3.21052
40,3.34237,3.21052
40,3.33901,3.21129
40,3.33901,3.21129
40,2.71409,0.516175
40,3.37211,3.14312
40,3.33901,3.21129
40,3.40782,2.93321
40,3.33901,3.21129
40,3.33901,3.21129
40,3.33901,3.21129
40,3.34237,3.21052
40,3.34237,3.21052
40,4.15325,0.58024
40,4.18946,0.499436
40,3.44467,2.60418
40,4.31521,1.05
40,4.05957,1.11513
40,3.33901,3.21129
40,3.34237,3.21052
40,3.34588,3.20818
40,3.34237,3.21052
40,4.0151,1.3995
40,3.33901,3.21129
40,3.06964,-0.223459
40,3.33901,3.21129
40,3.33901,3.21129
40,2.63547,0.861709
40,3.70691,0.912232
40,4.26828,0.701221
40,2.58823,0.815482
40,2.89951,-1.1476
40,3.33901,3.21129
40,3.33901,3.21129
40,3.40961,2.91959
40,2.3678,-0.28016
40,3.38048,3.10562
40,3.33901,3.21129
40,3.33901,3.21129
40,3.33901,3.21129
40,3.45345,2.51409
40,3.99296,1.51774
40,3.34237,3.21052
40,3.33901,3.21129
40,3.81341,1.40175
40,3.34237,3.21052
40,4.29164,0.857514
40,3.5198,1.78392
40,3.34237,3.21052
40,4.2805,0.778193
40,2.85258,-0.823379
41,3.85893,1.60373
41,3.33901,3.21129
41,3.69937,0.894608
41,4.13088,0.675572
41,2.90158,-1.15731
41,3.34237,3.21052
41,3.33901,3.21129
41,3.33901,3.21129
41,2.69923,0.620274
41,3.33901,3.21129
41,3.79384,1.29898
41,3.33901,3.21129
41,3.40782,2.93321
41,4.13355,0.66266
41,3.33901,3.21129
41,3.33901,3.21129
41,2.43826,-0.0244031
41,3.33901,3.21129
41,2.49332,0.316481
41,3.34237,3.21052
41,3.34237,3.21052
41,3.33901,3.21129
41,3.34237,3.21052
41,2.41439,-0.141932
41,3.42797,2.76462
41,3.33901,3.21129
41,3.34237,3.21052
41,3.34237,3.21052
41,3.02947,-0.752425
41,3.33901,3.21129
41,4.22294,0.520021
41,3.05287,-0.463263
41,2.95497,-1.23867
41,3.40779,2.93346
41,3.33901,3.21129
41,2.88894,-1.09134
41,3.33901,3.21129
41,3.33901,3.21129
41,3.57688,1.24081
41,4.13403,0.660373
41,3.33901,3.21129
41,3.4371,2.67895
41,3.03506,-0.688601
41,3.95132,1.6697
41,3.33901,3.21129
41,3.16815,1.47382
41,4.15882,0.561503
41,3.4222,2.81598
41,3.33901,3.21129
41,3.48262,2.19645
42,3.09036,0.103601
42,3.58939,1.14861
42,3.95132,1.6697
42,3.42797,2.76462
42,3.33901,3.21129
42,2.79251,-0.226923
42,3.79384,1.29898
42,3.17477,1.58931
42,4.13355,0.66266
42,3.34237,3.21052
42,3.34237,3.21052
42,3.47673,2.26203
42,3.95091,1.67067
42,2.47581,0.202279
42,3.40779,2.93346
42,4.3896,1.76649
42,4.22735,0.529975
42,3.0343,-0.697476
42,3.33901,3.21129
42,3.33901,3.21129
42,3.74709,1.06009
42,3.33901,3.21129
42,2.98915,-1.10307
42,3.34237,3.21052
42,2.91942,-1.22184
42,4.19398,0.496623
42,2.61089,0.860369
42,3.06701,-0.262661
42,3.77343,1.19058
42,2.47791,0.215873
42,3.33901,3.21129
42,2.80321,-0.339376
42,3.33901,3.21129
42,3.33901,3.21129
42,3.33901,3.21129
42,3.51707,1.81346
42,3.91903,1.71056
42,2.71652,0.497615
42,3.33368,3.20954
42,3.33901,3.21129
42,3.69145,0.880223
42,3.79384,1.29898
42,3.42797,2.76462
42,3.16953,1.49807
42,3.33901,3.21129
42,3.34237,3.21052
42,3.50196,1.98007
42,3.80557,1.36115
42,3.34237,3.21052
42,3.95132,1.6697
43,4.25762,0.643358
43,3.33901,3.21129
43,3.47673,2.26203
43,3.96337,1.63656
43,3.49078,2.10509
43,3.13603,0.899908
43,2.71652,0.497615
43,2.99466,-1.06702
43,3.08326,-0.0117292
43,3.34237,3.21052
43,3.97249,1.60539
43,3.91903,1.71056
43,4.13927,0.636333
43,3.33901,3.21129
43,2.45376,0.0644409
43,3.17477,1.58931
43,4.20994,0.500545
43,2.89425,-1.121
43,4.38295,1.70235
43,3.51707,1.81346
43,3.34237,3.21052
43,3.04426,-0.576302
43,4.09845,0.85866
43,3.42797,2.76462
43,3.33368,3.20954
43,3.33901,3.21129
43,3.42797,2.76462
43,2.78165,-0.112951
43,3.50196,1.98007
43,3.33901,3.21129
43,3.33901,3.21129
43,2.65394,0.828115
43,3.50196,1.98007
43,3.33901,3.21129
43,3.42797,2.76462
43,3.15885,1.3094
43,3.91903,1.71056
43,3.33901,3.21129
43,3.14879,1.12943
43,3.34237,3.21052
43,3.34237,3.21052
43,3.44645,2.58622
43,3.63156,0.930733
43,2.34712,-0.296542
43,3.33901,3.21129
43,3.33901,3.21129
43,4.29908,0.914953
43,3.64906,0.884978
43,3.33901,3.21129
43,3.33901,3.21129
44,2.61093,0.860416
44,3.68079,0.868036
44,2.83905,-0.700451
44,4.36124,1.48815
44,3.33901,3.21129
44,3.33901,3.21129
44,3.33901,3.21129
44,2.30188,-0.235145
44,3.26163,2.82226
44,3.33901,3.21129
44,3.33901,3.21129
44,3.20886,2.14767
44,2.97511,-1.17713
44,3.33901,3.21129
44,2.34628,-0.2966
44,3.61709,0.988575
44,4.39619,1.82884
44,3.73302,0.999386
44,3.24602,2.65286
44,3.41983,2.83642
44,3.56962,1.29952
44,3.33901,3.21129
44,2.38489,-0.245147
44,3.33901,3.21129
44,3.33901,3.21129
44,3.34237,3.21052
44,3.95895,1.64981
44,3.42797,2.76462
44,3.42797,2.76462
44,3.34237,3.21052
44,3.33901,3.21129
44,3.13673,0.912515
44,3.85344,1.58365
44,3.33901,3.21129
44,3.50196,1.98007
44,3.33901,3.21129
44,3.33901,3.21129
44,3.71021,0.921119
44,2.64723,0.84381
44,3.91903,1.71056
44,3.33901,3.21129
44,2.83274,-0.639923
44,3.00767,-0.966753
44,3.37841,3.11559
44,3.79856,1.32413
44,2.3864,-0.241132
44,3.33368,3.20954
44,3.71039,0.921603
44,3.33901,3.21129
44,3.33368,3.20954
45,3.33901,3.21129
45,4.39546,1.82201
45,3.67805,0.866285
45,3.50196,1.98007
45,3.33415,3.20984
45,2.69113,0.669947
45,4.17505,0.519556
45,3.33901,3.21129
45,2.63593,0.861243
45,2.51762,0.47316
45,3.85344,1.58365
45,3.65074,0.881975
45,4.06705,1.06469
45,4.13568,0.652619
45,3.22182,2.33846
45,3.76497,1.14692
45,3.64122,0.902193
45,3.33901,3.21129
45,4.09537,0.878059
45,3.33901,3.21129
45,3.33901,3.21129
45,3.33901,3.21129
45,3.33901,3.21129
45,3.33901,3.21129
45,3.33901,3.21129
45,3.41422,2.88304
45,4.19072,0.498481
45,2.39722,-0.208282
45,3.33901,3.21129
45,3.85865,1.60272
45,3.33901,3.21129
45,3.49993,2.00269
45,3.57858,1.22757
45,3.33901,3.21129
45,2.6863,0.697136
45,3.33901,3.21129
45,3.37841,3.11559
45,3.42797,2.76462
45,2.51705,0.469603
45,3.55423,1.43534
45,3.5845,1.18327
45,4.04137,1.23629
45,3.56962,1.29952
45,3.13673,0.912515
45,3.68079,0.868036
45,2.53828,0.596769
45,3.33901,3.21129
45,3.33901,3.21129
45,2.86688,-0.940994
45,2.79231,-0.224844
46,3.65074,0.881975
46,3.04207,-0.603897
46,3.37841,3.11559
46,2.63181,0.864802
46,3.23666,2.53824
46,3.38131,3.10145
46,3.33901,3.21129
46,2.83943,-0.703992
46,2.74282,0.273767
46,4.42462,2.07683
46,2.89565,-1.12833
46,3.33901,3.21129
46,2.59214,0.826001
46,3.49993,2.00269
46,3.33901,3.21129
46,3.33901,3.21129
46,3.33901,3.21129
46,3.97557,1.59371
46,3.50196,1.98007
46,4.39546,1.82201
46,2.61935,0.866627
46,4.19943,0.495517
46,3.33901,3.21129
46,3.85607,1.59345
46,3.33901,3.21129
46,3.7603,1.12341
46,3.33901,3.21129
46,3.33901,3.21129
46,3.37841,3.11559
46,2.70287,0.596246
46,4.06705,1.06469
46,3.55423,1.43534
46,3.33901,3.21129
46,3.75118,1.07913
46,3.33901,3.21129
46,3.33901,3.21129
46,3.33901,3.21129
46,3.33901,3.21129
46,3.41137,2.90581
46,2.72032,0.467908
46,3.69261,0.882063
46,4.25416,0.626499
46,3.33901,3.21129
46,3.68478,0.871606
46,4.06705,1.06469
46,3.33901,3.21129
46,3.33901,3.21129
46,3.33901,3.21129
46,2.98565,-1.1239
46,3.33901,3.21129
47,3.33901,3.21129
47,3.33901,3.21129
47,3.33901,3.21129
47,3.04348,-0.586203
47,3.39697,3.01023
47,4.13829,0.640693
47,3.81615,1.4157
47,3.97557,1.59371
47,2.53863,0.598712
47,3.33901,3.21129
47,4.09013,0.911565
47,3.67373,0.864724
47,3.38131,3.10145
47,3.33901,3.21129
47,3.33901,3.21129
47,4.29072,0.850646
47,3.33901,3.21129
47,2.44562,0.0167427
47,2.49331,0.316436
47,4.03859,1.25435
47,3.33901,3.21129
47,4.08028,0.976113
47,3.38011,3.10742
47,3.85607,1.59345
47,3.33901,3.21129
47,2.63933,0.857181
47,3.08374,-0.00411626
47,3.33901,3.21129
47,3.33901,3.21129
47,3.43227,2.72494
47,3.4686,2.35171
47,3.33901,3.21129
47,3.37841,3.11559
47,3.60207,1.06755
47,3.33901,3.21129
47,3.33901,3.21129
47,3.33901,3.21129
47,3.33901,3.21129
47,3.38131,3.10145
47,3.33901,3.21129
47,4.39546,1.82201
47,3.46931,2.34387
47,3.31884,3.18523
47,2.63181,0.864802
47,2.97495,-1.17784
47,3.31039,3.15845
47,3.33901,3.21129
47,3.33901,3.21129
47,3.33901,3.21129
47,4.1577,0.56509
48,2.65741,0.818424
48,3.20393,2.07153
48,3.46931,2.34387
48,3.33901,3.21129
48,3.33901,3.21129
48,3.4686,2.35171
48,3.9992,1.48668
48,2.37148,-0.274241
48,2.53394,0.571909
48,2.93368,-1.24722
48,3.4686,2.35171
48,3.33687,3.21102
48,2.73067,0.382157
48,3.33901,3.21129
48,3.33901,3.21129
48,2.4596,0.0999209
48,3.52311,1.74832
48,3.33901,3.21129
48,2.90158,-1.15732
48,3.33901,3.21129
48,3.07069,-0.207627
48,3.33901,3.21129
48,2.3905,-0.229545
48,3.8141,1.40531
48,3.33901,3.21129
48,2.57412,0.768575
48,3.11449,0.515851
48,2.37528,-0.267196
48,2.57043,0.754131
48,4.24392,0.582441
48,3.03488,-0.690757
48,2.82184,-0.53175
48,3.72365,0.963898
48,3.23957,2.57487
48,3.0182,-0.870285
48,4.04203,1.23195
48,3.33901,3.21129
48,3.33901,3.21129
48,2.52685,0.529963
48,3.1984,1.98412
48,3.33901,3.21129
48,3.33901,3.21129
48,3.33901,3.21129
48,3.08269,-0.0209919
48,3.33901,3.21129
48,3.33901,3.21129
48,3.33901,3.21129
48,3.31039,3.15845
48,2.92425,-1.23312
48,3.33901,3.21129
49,3.33901,3.21129
49,3.52311,1.74832
49,4.06478,1.07998
49,3.57418,1.26223
49,2.99829,-1.0412
49,2.54905,0.655113
49,2.30184,-0.235033
49,3.33901,3.21129
49,2.67516,0.752364
49,3.74537,1.05226
49,3.81864,1.42823
49,4.04203,1.23195
49,3.33901,3.21129
49,3.46931,2.34387
49,2.39287,-0.222372
49,3.4686,2.35171
49,3.33901,3.21129
49,3.33901,3.21129
49,3.33901,3.21129
49,2.63995,0.85633
49,3.34687,3.20724
49,3.02518,-0.798939
49,3.64234,0.89941
49,2.01479,0.157184
49,4.26808,0.700055
49,4.06438,1.08269
49,3.86312,1.61807
49,3.22268,2.35067
49,3.67375,0.864727
49,1.79876,-1.95289
49,4.12788,0.690551
49,2.58011,0.790125
49,3.48456,2.17479
49,3.33901,3.21129
49,3.33901,3.21129
49,4.22154,0.517225
49,3.30015,3.11339
49,3.99421,1.51167
49,3.20393,2.07153
49,3.33901,3.21129
49,3.33649,3.21092
49,1.72344,-1.94063
49,3.33901,3.21129
49,2.95186,-1.24349
49,2.6283,0.866669
49,3.01618,-0.889795
49,4.2035,0.496339
49,2.86511,-0.92722
49,2.97401,-1.18186
49,4.24776,0.59793
50,3.33649,3.21092
50,3.86312,1.61807
50,3.33901,3.21129
50,2.57639,0.77702
50,3.64234,0.89941
50,3.81864,1.42823
50,2.69188,0.665573
50,3.33901,3.21129
50,3.33901,3.21129
50,3.33901,3.21129
50,3.62403,0.958572
50,3.43107,2.73614
50,3.07861,-0.0855704
50,3.33901,3.21129
50,2.73501,0.344373
50,3.88155,1.66982
50,3.64234,0.89941
50,3.33901,3.21129
50,3.20393,2.07153
50,3.06825,-0.244194
50,3.99421,1.51167
50,3.33901,3.21129
50,2.68328,0.713146
50,4.39446,1.81259
50,3.33901,3.21129
50,2.50713,0.406387
50,3.60909,1.02826
50,2.52265,0.504382
50,3.33901,3.21129
50,3.81864,1.42823
50,3.33901,3.21129
50,2.30184,-0.235033
50,3.20393,2.07153
50,3.84114,1.53375
50,4.53313,2.38456
50,2.2325,0.0542457
50,3.33901,3.21129
50,3.33901,3.21129
50,3.33901,3.21129
50,4.55333,2.28693
50,3.81864,1.42823
50,3.33901,3.21129
50,3.33901,3.21129
50,3.30015,3.11339
50,3.33901,3.21129
50,3.83964,1.52724
50,2.42318,-0.101799
50,3.33649,3.21092
50,4.05459,1.14859
50,3.33901,3.21129
51,3.33901,3.21129
51,3.33901,3.21129
51,3.11582,0.539191
51,4.8723,-2.29209
51,3.33649,3.21092
51,3.33901,3.21129
51,3.33901,3.21129
51,3.69592,0.887811
51,3.94004,1.69204
51,4.64224,1.26379
51,2.68796,0.687998
51,3.33901,3.21129
51,3.16815,1.47382
51,3.33901,3.21129
51,3.84114,1.53375
51,3.33901,3.21129
51,3.30015,3.11339
51,2.82564,-0.569954
51,3.33649,3.21092
51,3.37717,3.12135
51,3.33901,3.21129
51,3.33901,3.21129
51,2.53352,0.569481
51,3.13867,0.947349
51,3.33901,3.21129
51,3.33901,3.21129
51,4.53313,2.38456
51,3.33901,3.21129
51,3.33901,3.21129
51,3.6219,0.967353
51,4.06933,1.04933
51,3.33901,3.21129
51,3.33901,3.21129
51,3.61919,0.979077
51,3.33901,3.21129
51,3.26827,2.88573
51,3.11084,0.45187
51,3.93496,1.69929
51,2.24892,-0.0275247
51,3.52524,1.72569
51,3.33901,3.21129
51,3.33901,3.21129
51,4.39446,1.81259
51,3.25781,2.78345
51,3.33901,3.21129
51,2.67751,0.741578
51,3.43107,2.73614
51,3.46415,2.4001
51,4.06811,1.05755
51,3.03457,-0.694351
52,4.51482,2.42702
52,3.25781,2.78345
52,2.71999,0.470469
52,3.33901,3.21129
52,3.12814,0.758274
52,3.09195,0.129935
52,3.33901,3.21129
52,2.63879,0.8579
52,2.41951,-0.11903
52,3.33901,3.21129
52,3.20031,2.01454
52,4.01183,1.41827
52,3.31196,3.16413
52,3.33901,3.21129
52,3.33901,3.21129
52,3.33901,3.21129
52,4.39446,1.81259
52,3.78643,1.25944
52,2.64687,0.844547
52,2.96712,-1.20784
52,3.33901,3.21129
52,3.89817,1.6992
52,3.33901,3.21129
52,3.33901,3.21129
52,2.76358,0.0728174
52,3.8485,1.56438
52,2.83239,-0.636549
52,3.33901,3.21129
52,3.33901,3.21129
52,3.33649,3.21092
52,2.71687,0.494948
52,3.33901,3.21129
52,3.06486,-0.294343
52,3.33901,3.21129
52,3.43107,2.73614
52,3.33901,3.21129
52,2.54803,0.649815
52,2.86578,-0.932444
52,3.26827,2.88573
52,3.33901,3.21129
52,3.88529,1.67793
52,3.33901,3.21129
52,3.16815,1.47382
52,4.27148,0.720345
52,3.33901,3.21129
52,3.59363,1.12011
52,3.84356,1.54409
52,3.52524,1.72569
52,2.46784,0.151312
52,3.26479,2.85314
53,3.31196,3.16413
53,2.35248,-0.295058
53,3.23166,2.4734
53,2.75152,0.191648
53,3.3668,3.16285
53,3.33901,3.21129
53,4.27117,0.718437
53,3.8485,1.56438
53,2.76667,0.0415907
53,4.04715,1.19823
53,3.33901,3.21129
53,3.33901,3.21129
53,3.41352,2.88874
53,3.43107,2.73614
53,3.26479,2.85314
53,3.33901,3.21129
53,3.33901,3.21129
53,2.52959,0.546342
53,3.73024,0.988414
53,3.25727,2.77784
53,3.91031,1.70937
53,3.33901,3.21129
53,3.83069,1.48672
53,3.48925,2.1223
53,3.33649,3.21092
53,3.33901,3.21129
53,3.33836,3.21127
53,3.33901,3.21129
53,4.51482,2.42702
53,3.33901,3.21129
53,3.33901,3.21129
53,4.16463,0.544246
53,4.0009,1.47787
53,2.9169,-1.21486
53,3.33901,3.21129
53,3.33901,3.21129
53,3.33901,3.21129
53,2.48468,0.259925
53,2.66866,0.779771
53,3.33901,3.21129
53,3.43107,2.73614
53,4.17954,0.511513
53,4.56679,2.19223
53,4.06493,1.07894
53,3.33901,3.21129
53,3.33901,3.21129
53,3.33901,3.21129
53,3.33901,3.21129
53,3.33901,3.21129
53,3.33901,3.21129
54,3.19877,1.99003
54,3.52489,1.72937
54,3.33901,3.21129
54,3.33901,3.21129
54,3.3668,3.16285
54,3.76435,1.1438
54,3.38481,3.08321
54,3.60471,1.05227
54,5.25193,-0.524088
54,3.33901,3.21129
54,3.73207,0.995593
54,3.33901,3.21129
54,3.50474,1.94912
54,3.33901,3.21129
54,3.33901,3.21129
54,4.32052,1.09724
54,3.88621,1.6798
54,4.24026,0.568822
54,3.33901,3.21129
54,4.27457,0.739497
54,4.28195,0.788096
54,3.33901,3.21129
54,3.36006,3.18321
54,3.98409,1.55855
54,3.33901,3.21129
54,4.14771,0.600999
54,4.06614,1.0708
54,3.33901,3.21129
54,3.33649,3.21092
54,3.41352,2.88874
54,4.03099,1.30303
54,4.08084,0.972348
54,3.43107,2.73614
54,2.45177,0.052584
54,3.33901,3.21129
54,3.33901,3.21129
54,3.66484,0.866205
54,3.44638,2.58697
54,3.15461,1.23373
54,3.19849,1.98545
54,3.33901,3.21129
54,3.4576,2.47034
54,3.33901,3.21129
54,3.53413,1.6326
54,2.54904,0.655062
54,4.18142,0.508614
54,3.91549,1.7107
54,3.71457,0.933843
54,2.40692,-0.172864
54,3.33901,3.21129
55,2.81954,-0.508412
55,3.33901,3.21129
55,4.09431,0.884765
55,3.83686,1.51496
55,4.08084,0.972348
55,3.33901,3.21129
55,3.88621,1.6798
55,3.33901,3.21129
55,3.19877,1.99003
55,3.33901,3.21129
55,4.01556,1.39681
55,4.27639,0.751089
55,3.77964,1.2233
55,4.16817,0.534935
55,3.33901,3.21129
55,4.06055,1.1085
55,3.91014,1.70929
55,2.60385,0.850695
55,3.33901,3.21129
55,2.75051,0.201347
55,3.33901,3.21129
55,2.39894,-0.202396
55,3.33901,3.21129
55,3.33901,3.21129
55,3.33649,3.21092
55,3.41352,2.88874
55,3.26909,2.89324
55,2.8948,-1.12387
55,4.19059,0.498578
55,3.24617,2.65457
55,3.30204,3.12274
55,3.36006,3.18321
55,3.40985,2.91768
55,3.90622,1.70704
55,3.33901,3.21129
55,4.18734,0.501339
55,3.33901,3.21129
55,4.21858,0.511849
55,4.29731,0.90101
55,3.39155,3.04455
55,3.19877,1.99003
55,3.33901,3.21129
55,3.25965,2.80232
55,3.33901,3.21129
55,3.3668,3.16285
55,3.33901,3.21129
55,4.33528,1.23432
55,4.12562,0.702127
55,2.41458,-0.141112
55,3.51216,1.86715
56,3.33901,3.21129
56,2.6655,0.791722
56,3.33901,3.21129
56,3.33901,3.21129
56,3.41771,2.85434
56,3.88827,1.68378
56,3.23753,2.54928
56,2.35952,-0.290169
56,3.04244,-0.599173
56,4.08084,0.972348
56,3.51216,1.86715
56,4.08793,0.925814
56,3.29367,3.0777
56,3.3668,3.16285
56,3.33901,3.21129
56,3.68743,0.874638
56,3.33901,3.21129
56,3.49584,2.04841
56,3.7905,1.28114
56,5.3241,-0.844812
56,3.75673,1.10581
56,3.3826,3.09487
56,4.08345,0.955143
56,3.33901,3.21129
56,3.33901,3.21129
56,3.33901,3.21129
56,3.33901,3.21129
56,3.44217,2.62919
56,3.33901,3.21129
56,3.56111,1.3728
56,3.33901,3.21129
56,3.88621,1.6798
56,3.11391,0.505614
56,4.25984,0.654686
56,3.05509,-0.433021
56,3.33901,3.21129
56,3.33901,3.21129
56,3.33901,3.21129
56,2.60385,0.850695
56,3.39155,3.04455
56,3.33901,3.21129
56,3.33901,3.21129
56,2.94464,-1.24994
56,2.66616,0.789317
56,3.56296,1.35648
56,4.21477,0.50606
56,3.33901,3.21129
56,3.05147,-0.482221
56,4.2415,0.57329
56,3.26909,2.89324
57,3.81,1.38422
57,2.56141,0.715425
57,4.07932,0.982471
57,3.99028,1.53052
57,3.88827,1.68378
57,3.61447,1.00098
57,3.91993,1.71039
57,2.53482,0.577031
57,3.39871,2.99856
57,3.33901,3.21129
57,4.2434,0.580444
57,3.33901,3.21129
57,2.35914,-0.290522
57,3.33901,3.21129
57,4.2644,0.679122
57,3.86068,1.60983
57,3.89511,1.6951
57,3.33901,3.21129
57,3.33901,3.21129
57,3.24096,2.59206
57,3.33901,3.21129
57,4.69268,0.372979
57,3.33901,3.21129
57,3.33901,3.21129
57,3.49584,2.04841
57,3.8138,1.40376
57,3.33901,3.21129
57,3.87591,1.65602
57,3.33901,3.21129
57,3.56492,1.33935
57,2.77405,-0.0340339
57,2.83073,-0.620331
57,3.33901,3.21129
57,3.29367,3.0777
57,3.33901,3.21129
57,3.17156,1.53351
57,3.33901,3.21129
57,3.51216,1.86715
57,2.96424,-1.21688
57,3.33901,3.21129
57,3.33901,3.21129
57,3.29367,3.0777
57,3.39155,3.04455
57,3.33901,3.21129
57,3.67153,0.864496
57,3.33901,3.21129
57,3.64211,0.899971
57,3.33901,3.21129
57,3.33901,3.21129
57,2.76694,0.0388104
58,2.85514,-0.845419
58,3.73944,1.02611
58,3.33901,3.21129
58,3.73796,1.01977
58,3.29367,3.0777
58,3.33901,3.21129
58,2.73813,0.316502
58,3.33901,3.21129
58,3.17494,1.59217
58,3.39871,2.99856
58,3.33901,3.21129
58,3.33901,3.21129
58,3.33901,3.21129
58,3.33901,3.21129
58,4.38246,1.69759
58,2.96746,-1.2067
58,3.47105,2.32486
58,3.74364,1.0445
58,3.24138,2.59724
58,2.37283,-0.27185
58,3.64725,0.888481
58,2.32033,-0.275572
58,3.03243,-0.719097
58,3.33901,3.21129
58,3.86173,1.6134
58,3.20097,2.02506
58,3.33901,3.21129
58,4.10674,0.807948
58,3.29367,3.0777
58,3.33901,3.21129
58,2.90927,-1.1894
58,3.48693,2.14822
58,2.37015,-0.276491
58,3.19996,2.009
58,3.33901,3.21129
58,3.56492,1.33935
58,3.33901,3.21129
58,3.24502,2.64097
58,3.02682,-0.781433
58,3.7165,0.939853
58,2.70093,0.609186
58,2.51635,0.465224
58,2.36761,-0.280443
58,3.33901,3.21129
58,4.31837,1.07795
58,3.33901,3.21129
58,3.33901,3.21129
58,3.22544,2.38916
58,2.41821,-0.124963
58,3.33901,3.21129
59,3.33901,3.21129
59,3.33901,3.21129
59,3.47105,2.32486
59,3.33901,3.21129
59,3.7165,0.939853
59,4.23447,0.549633
59,3.29367,3.0777
59,2.8633,-0.912934
59,3.88762,1.68255
59,3.33901,3.21129
59,3.33901,3.21129
59,3.45272,2.5217
59,2.53777,0.593892
59,3.33901,3.21129
59,3.23703,2.54296
59,2.97314,-1.18549
59,4.20946,0.500108
59,3.33901,3.21129
59,3.33901,3.21129
59,4.31837,1.07795
59,2.45122,0.0493836
59,3.33901,3.21129
59,3.38082,3.10393
59,3.39871,2.99856
59,3.33901,3.21129
59,4.28399,0.802139
59,3.33901,3.21129
59,2.4075,-0.170549
59,3.64272,0.898495
59,3.48693,2.14822
59,3.33901,3.21129
59,3.33901,3.21129
59,3.33901,3.21129
59,3.33901,3.21129
59,3.68427,0.871075
59,3.33901,3.21129
59,3.19996,2.009
59,3.74456,1.04862
59,2.70093,0.609186
59,2.94292,-1.25051
59,3.33901,3.21129
59,2.75099,0.196752
59,3.33901,3.21129
59,3.48693,2.14822
59,1.8987,-1.07313
59,3.65729,0.872564
59,3.64725,0.888481
59,3.33901,3.21129
59,3.85458,1.58795
59,3.55835,1.39751
60,3.39871,2.99856
60,3.33901,3.21129
60,3.33901,3.21129
60,4.09108,0.905454
60,2.4867,0.273142
60,2.73754,0.321834
60,3.31424,3.17184
60,3.33901,3.21129
60,3.33901,3.21129
60,3.45272,2.5217
60,3.38082,3.10393
60,3.89773,1.69865
60,3.33901,3.21129
60,3.85617,1.5938
60,3.40847,2.92828
60,2.75642,0.14399
60,2.69934,0.619516
60,3.33901,3.21129
60,2.63171,0.864868
60,3.33901,3.21129
60,3.33901,3.21129
60,3.33901,3.21129
60,3.48693,2.14822
60,3.98026,1.57489
60,3.01572,-0.894137
60,2.83885,-0.698569
60,2.58364,0.801726
60,2.78028,-0.0986731
60,2.64401,0.849934
60,3.64976,0.883687
60,2.68006,0.729379
60,3.39871,2.99856
60,3.33901,3.21129
60,3.33901,3.21129
60,3.33901,3.21129
60,3.37918,3.11193
60,3.92923,1.70535
60,3.33901,3.21129
60,3.33901,3.21129
60,4.0407,1.24063
60,3.70129,0.898746
60,3.74687,1.05907
60,3.95337,1.66472
60,3.33901,3.21129
60,3.88762,1.68255
60,3.33901,3.21129
60,3.23703,2.54296
60,3.33901,3.21129
60,3.33901,3.21129
60,3.33901,3.21129
61,4.14858,0.597596
61,3.17592,1.60909
61,3.30194,3.12226
61,3.33901,3.21129
61,3.31424,3.17184
61,3.7894,1.2753
61,3.33901,3.21129
61,2.47954,0.226466
61,3.48693,2.14822
61,3.65026,0.882812
61,3.33901,3.21129
61,4.00242,1.46987
61,3.33901,3.21129
61,2.74749,0.230041
61,3.39871,2.99856
61,3.33901,3.21129
61,2.7042,0.587206
61,3.33901,3.21129
61,2.72507,0.429383
61,3.45272,2.5217
61,3.28121,2.99378
61,3.33901,3.21129
61,2.86184,-0.901164
61,3.33901,3.21129
61,3.33901,3.21129
61,3.33901,3.21129
61,3.33901,3.21129
61,3.33901,3.21129
61,3.33901,3.21129
61,3.33901,3.21129
61,3.33901,3.21129
61,3.06204,-0.335185
61,3.33901,3.21129
61,3.33901,3.21129
61,3.23703,2.54296
61,4.29633,0.893331
61,3.33901,3.21129
61,3.89189,1.69015
61,3.40502,2.95414
61,3.37918,3.11193
61,3.33901,3.21129
61,3.2371,2.54391
61,3.74613,1.05571
61,3.95166,1.6689
61,3.51247,1.86374
61,4.28594,0.815926
61,3.78239,1.2379
61,3.33901,3.21129
61,3.33901,3.21129
61,2.91091,-1.19542
62,3.62064,0.972702
62,3.91926,1.71052
62,3.33901,3.21129
62,4.31411,1.04036
62,3.33901,3.21129
62,3.42826,2.76202
62,3.95166,1.6689
62,3.69591,0.887793
62,2.99224,-1.08335
62,3.61089,1.01888
62,4.29555,0.887253
62,3.2371,2.54391
62,3.83608,1.51147
62,3.33901,3.21129
62,3.33901,3.21129
62,3.33901,3.21129
62,3.33284,3.20893
62,3.33901,3.21129
62,3.33901,3.21129
62,4.18131,0.508762
62,4.2753,0.744129
62,3.2359,2.52856
62,3.51422,1.84458
62,4.00242,1.46987
62,2.9903,-1.09589
62,2.72487,0.430973
62,4.21181,0.502445
62,3.33901,3.21129
62,3.8403,1.53014
62,3.33901,3.21129
62,3.33901,3.21129
62,3.74613,1.05571
62,2.62611,0.867292
62,3.33901,3.21129
62,3.25377,2.7404
62,3.75735,1.10884
62,3.33901,3.21129
62,3.39871,2.99856
62,3.73264,0.997874
62,3.03628,-0.674229
62,3.33901,3.21129
62,3.33901,3.21129
62,3.33901,3.21129
62,3.33901,3.21129
62,3.33901,3.21129
62,3.56442,1.34368
62,3.88498,1.67729
62,3.33901,3.21129
62,3.40502,2.95414
62,3.82042,1.43713
63,3.33901,3.21129
63,3.00854,-0.959275
63,3.84906,1.56662
63,3.33901,3.21129
63,3.33901,3.21129
63,2.38808,-0.23651
63,3.62141,0.96942
63,2.73476,0.346551
63,3.95166,1.6689
63,3.33901,3.21129
63,3.33901,3.21129
63,4.31411,1.04036
63,3.33284,3.20893
63,3.33901,3.21129
63,2.81193,-0.430257
63,3.01878,-0.864568
63,3.2359,2.52856
63,4.12367,0.712323
63,2.54291,0.622479
63,3.33901,3.21129
63,3.33901,3.21129
63,3.1285,0.764772
63,3.33901,3.21129
63,3.60881,1.02975
63,3.45671,2.47981
63,3.33901,3.21129
63,3.74613,1.05571
63,3.33901,3.21129
63,4.19513,0.496181
63,2.44982,0.0410932
63,4.31682,1.0642
63,3.40502,2.95414
63,3.33901,3.21129
63,3.33901,3.21129
63,3.33901,3.21129
63,3.69403,0.884428
63,3.33901,3.21129
63,3.2359,2.52856
63,3.08846,0.0724629
63,3.33901,3.21129
63,3.33901,3.21129
63,3.56442,1.34368
63,3.33901,3.21129
63,3.33901,3.21129
63,3.60534,1.04875
63,4.0172,1.38723
63,3.33901,3.21129
63,2.79601,-0.263752
63,3.33901,3.21129
63,3.33901,3.21129
64,3.33901,3.21129
64,2.68952,0.679226
64,3.33901,3.21129
64,3.33901,3.21129
64,4.83515,-1.97898
64,3.33901,3.21129
64,4.14665,0.605164
64,3.6195,0.977683
64,2.48991,0.294144
64,3.84268,1.54037
64,3.70303,0.902709
64,3.33901,3.21129
64,2.37512,-0.267513
64,2.60036,0.844438
64,4.14761,0.60137
64,3.7735,1.19098
64,2.97187,-1.19058
64,3.60881,1.02975
64,3.39708,3.00949
64,3.93062,1.70409
64,4.04163,1.23454
64,2.85352,-0.831514
64,3.74613,1.05571
64,3.5508,1.46754
64,3.40502,2.95414
64,3.33901,3.21129
64,3.33901,3.21129
64,3.33901,3.21129
64,3.33901,3.21129
64,2.95299,-1.24189
64,3.46769,2.36168
64,3.33901,3.21129
64,3.33901,3.21129
64,4.15822,0.563393
64,4.17227,0.525343
64,2.51866,0.479649
64,3.62012,0.974955
64,2.7947,-0.249958
64,3.33901,3.21129
64,3.33901,3.21129
64,3.49504,2.05741
64,3.33901,3.21129
64,3.8754,1.65469
64,4.29979,0.920608
64,3.63787,0.911176
64,3.33901,3.21129
64,3.87966,1.66542
64,3.11777,0.5737
64,3.28859,3.04594
64,3.33901,3.21129
65,2.41095,-0.156552
65,2.95299,-1.24188
65,3.5694,1.30133
65,3.33901,3.21129
65,2.9379,-1.25004
65,2.35235,-0.295114
65,2.51814,0.47644
65,2.49644,0.336914
65,3.33901,3.21129
65,2.80104,-0.316596
65,3.18274,1.72568
65,3.33901,3.21129
65,3.33901,3.21129
65,2.49037,0.297195
65,3.33901,3.21129
65,2.82307,-0.544111
65,3.33901,3.21129
65,4.06846,1.05516
65,3.18244,1.72066
65,3.9381,1.69502
65,3.33901,3.21129
65,3.33901,3.21129
65,2.42178,-0.108434
65,2.662,0.804
65,3.33901,3.21129
65,3.84268,1.54037
65,3.00016,-1.02721
65,3.6941,0.884552
65,3.33901,3.21129
65,3.33901,3.21129
65,3.33901,3.21129
65,3.60881,1.02975
65,2.94148,-1.25069
65,3.33901,3.21129
65,3.62131,0.969833
65,3.33901,3.21129
65,3.46769,2.36168
65,3.33901,3.21129
65,4.04163,1.23454
65,4.22882,0.533668
65,3.6195,0.977683
65,3.33901,3.21129
65,3.33901,3.21129
65,3.87339,1.64926
65,3.33901,3.21129
65,4.29979,0.920608
65,3.0354,-0.684647
65,3.33901,3.21129
65,3.10038,0.271513
65,3.33901,3.21129
66,3.8421,1.53788
66,3.33901,3.21129
66,3.33901,3.21129
66,3.33901,3.21129
66,3.18274,1.72568
66,3.46769,2.36168
66,3.61595,0.993897
66,3.33901,3.21129
66,3.33901,3.21129
66,2.51748,0.472274
66,2.87685,-1.01408
66,2.44923,0.0376681
66,3.17246,1.5491
66,3.33901,3.21129
66,4.7515,-0.730993
66,3.33901,3.21129
66,3.87339,1.64926
66,3.30058,3.11557
66,4.47171,2.36378
66,2.94819,-1.2476
66,3.33901,3.21129
66,3.33901,3.21129
66,3.31403,3.17114
66,3.46769,2.36168
66,3.33901,3.21129
66,3.54593,1.51434
66,3.42882,2.75683
66,3.33901,3.21129
66,3.33901,3.21129
66,3.33901,3.21129
66,4.21991,0.514169
66,3.33901,3.21129
66,3.33901,3.21129
66,2.56779,0.743289
66,3.27863,2.97395
66,3.33901,3.21129
66,3.33901,3.21129
66,3.33901,3.21129
66,2.95761,-1.23359
66,4.06846,1.05516
66,2.43096,-0.0631105
66,3.33901,3.21129
66,3.33901,3.21129
66,3.33901,3.21129
66,4.29979,0.920608
66,2.35235,-0.295114
66,3.18274,1.72568
66,3.87554,1.65504
66,3.33901,3.21129
66,3.33901,3.21129
67,3.18274,1.72568
67,3.54437,1.52959
67,3.33901,3.21129
67,3.33901,3.21129
67,4.05721,1.13101
67,3.33901,3.21129
67,3.33901,3.21129
67,3.33901,3.21129
67,3.33901,3.21129
67,4.09109,0.905386
67,4.24895,0.603007
67,3.33901,3.21129
67,3.33901,3.21129
67,3.33901,3.21129
67,2.59117,0.823493
67,3.61355,1.00547
67,3.72299,0.961551
67,3.33901,3.21129
67,3.55147,1.46114
67,3.33901,3.21129
67,3.33901,3.21129
67,2.61436,0.863654
67,3.33901,3.21129
67,2.58653,0.81054
67,3.33901,3.21129
67,3.33901,3.21129
67,3.33901,3.21129
67,3.19099,1.86365
67,3.33901,3.21129
67,3.67515,0.865074
67,2.7777,-0.0718174
67,3.33901,3.21129
67,3.30514,3.13707
67,4.0237,1.34827
67,3.33901,3.21129
67,3.26358,2.84154
67,3.53665,1.60684
67,2.55373,0.678861
67,3.03192,-0.724932
67,3.33901,3.21129
67,3.81064,1.38753
67,4.20494,0.496969
67,3.33901,3.21129
67,3.31403,3.17114
67,2.40323,-0.186967
67,3.44643,2.58643
67,3.53958,1.57719
67,3.24568,2.64882
67,3.27863,2.97395
67,3.85366,1.58449
68,3.56836,1.31007
68,3.33901,3.21129
68,3.33901,3.21129
68,2.45252,0.0570921
68,3.24568,2.64882
68,3.33901,3.21129
68,3.8425,1.53956
68,3.34141,3.21088
68,4.53097,2.39183
68,3.33901,3.21129
68,3.33901,3.21129
68,3.35086,3.20223
68,2.62564,0.867373
68,2.91163,-1.19796
68,3.33901,3.21129
68,3.78431,1.24813
68,3.27863,2.97395
68,3.33901,3.21129
68,3.33901,3.21129
68,3.33901,3.21129
68,3.33901,3.21129
68,4.0237,1.34827
68,3.92266,1.70953
68,2.73315,0.360707
68,3.33901,3.21129
68,3.33901,3.21129
68,3.33901,3.21129
68,3.89584,1.69614
68,3.33901,3.21129
68,3.2099,2.1635
68,2.64318,0.851347
68,3.33901,3.21129
68,3.3468,3.20731
68,3.59583,1.10582
68,3.96775,1.62223
68,3.29663,3.09469
68,3.33901,3.21129
68,3.29203,3.06782
68,4.29151,0.856541
68,3.26358,2.84154
68,3.33901,3.21129
68,3.53958,1.57719
68,4.29865,0.911555
68,3.33901,3.21129
68,3.33901,3.21129
68,4.01101,1.42292
68,3.60496,1.05087
68,2.71268,0.526674
68,3.33901,3.21129
68,3.33901,3.21129
69,3.64803,0.886926
69,3.33901,3.21129
69,3.33901,3.21129
69,3.40344,2.96557
69,2.96858,-1.20287
69,3.75346,1.08999
69,3.92947,1.70514
69,3.33901,3.21129
69,3.6705,0.864523
69,3.16698,1.45329
69,3.20934,2.15493
69,3.5374,1.59922
69,4.09317,0.892059
69,3.7789,1.21936
69,3.42537,2.7881
69,3.33901,3.21129
69,3.33901,3.21129
69,3.96775,1.62223
69,3.62153,0.96891
69,3.33901,3.21129
69,2.72104,0.462137
69,3.74036,1.03007
69,3.35086,3.20223
69,3.33901,3.21129
69,3.94393,1.68531
69,3.33901,3.21129
69,2.79327,-0.234912
69,2.9481,-1.24768
69,2.99029,-1.09596
69,3.33901,3.21129
69,3.22311,2.35665
69,3.33901,3.21129
69,3.33901,3.21129
69,3.33901,3.21129
69,3.35339,3.19802
69,2.44511,0.0138401
69,3.33901,3.21129
69,3.33901,3.21129
69,3.33901,3.21129
69,3.6354,0.918416
69,2.94384,-1.25025
69,2.62277,0.86745
69,3.29203,3.06782
69,3.39054,3.05066
69,3.29663,3.09469
69,3.33901,3.21129
69,4.31467,1.04524
69,3.45471,2.50084
69,3.33901,3.21129
69,3.33901,3.21129
70,3.29203,3.06782
70,3.33901,3.21129
70,3.33901,3.21129
70,3.42575,2.78468
70,4.2342,0.548785
70,3.33901,3.21129
70,3.33901,3.21129
70,3.95903,1.64958
70,3.54225,1.55054
70,3.6354,0.918416
70,3.3421,3.21063
70,3.35339,3.19802
70,3.03456,-0.694416
70,3.33901,3.21129
70,2.68274,0.715935
70,3.33901,3.21129
70,3.06248,-0.328872
70,3.30058,3.11554
70,3.94393,1.68531
70,2.70262,0.597904
70,3.92555,1.70805
70,3.33901,3.21129
70,3.91987,1.7104
70,3.7478,1.06337
70,3.33901,3.21129
70,3.6922,0.881395
70,3.35339,3.19802
70,3.33901,3.21129
70,3.53692,1.6041
70,3.33901,3.21129
70,3.33901,3.21129
70,3.33901,3.21129
70,3.33901,3.21129
70,3.61938,0.978223
70,3.37706,3.12184
70,3.33901,3.21129
70,3.79182,1.28819
70,3.33901,3.21129
70,3.33901,3.21129
70,3.92947,1.70514
70,3.53382,1.63588
70,3.33901,3.21129
70,3.92159,1.70992
70,3.06874,-0.236942
70,2.61371,0.86312
70,3.16698,1.45329
70,2.98554,-1.12457
70,3.33901,3.21129
70,4.20469,0.496847
70,2.69182,0.665951
71,3.33901,3.21129
71,2.78478,-0.145755
71,3.94549,1.68231
71,3.63287,0.926371
71,2.58354,0.801396
71,2.50871,0.416603
71,2.93395,-1.24747
71,3.37706,3.12184
71,3.33901,3.21129
71,3.33901,3.21129
71,3.33901,3.21129
71,3.67141,0.864495
71,3.73585,1.01095
71,2.47421,0.19201
71,3.94957,1.67372
71,3.84687,1.55779
71,3.20105,2.02625
71,4.1968,0.495738
71,4.26127,0.662166
71,3.29203,3.06782
71,4.12023,0.730755
71,3.33901,3.21129
71,4.09745,0.864924
71,2.90145,-1.15669
71,3.33901,3.21129
71,3.33901,3.21129
71,3.03866,-0.645702
71,4.10856,0.797134
71,3.33901,3.21129
71,4.32639,1.15085
71,4.12623,0.698973
71,2.42929,-0.0716583
71,4.24794,0.598672
71,3.92947,1.70514
71,3.33901,3.21129
71,4.76788,-1.01983
71,3.33901,3.21129
71,3.57749,1.23603
71,3.7478,1.06337
71,3.33901,3.21129
71,3.33901,3.21129
71,2.85657,-0.857613
71,3.33901,3.21129
71,3.26706,2.87454
71,2.8886,-1.08935
71,3.33901,3.21129
71,3.33901,3.21129
71,3.33901,3.21129
71,3.33901,3.21129
71,3.03328,-0.709314
72,3.5639,1.34822
72,3.33901,3.21129
72,2.74935,0.212464
72,3.33901,3.21129
72,3.33901,3.21129
72,3.57749,1.23603
72,3.33901,3.21129
72,4.16477,0.543869
72,3.42631,2.77968
72,3.29203,3.06782
72,3.33901,3.21129
72,3.26706,2.87454
72,3.73585,1.01095
72,3.37706,3.12184
72,3.32707,3.20227
72,3.30985,3.15643
72,3.48494,2.17049
72,3.66526,0.86599
72,2.5834,0.800963
72,3.33901,3.21129
72,3.33901,3.21129
72,3.37706,3.12184
72,4.18484,0.504068
72,4.24794,0.598672
72,3.33901,3.21129
72,3.33901,3.21129
72,3.92947,1.70514
72,3.57749,1.23603
72,3.81313,1.40032
72,3.94957,1.67372
72,3.33901,3.21129
72,3.51089,1.88109
72,2.7766,-0.0603719
72,3.29203,3.06782
72,4.18491,0.503975
72,2.93433,-1.2478
72,4.25675,0.63902
72,3.94957,1.67372
72,3.33901,3.21129
72,2.40726,-0.171504
72,3.33901,3.21129
72,3.91515,1.71067
72,4.00776,1.44103
72,3.20105,2.02625
72,3.13835,0.94155
72,2.57691,0.778912
72,3.1059,0.366156
72,4.12623,0.698973
72,3.65682,0.873121
72,3.42007,2.83441
73,3.64011,0.905045
73,3.2845,3.01788
73,3.52684,1.7087
73,3.37706,3.12184
73,3.33901,3.21129
73,4.10546,0.815631
73,2.35311,-0.294757
73,3.51089,1.88109
73,3.33901,3.21129
73,3.32707,3.20227
73,3.4073,2.93716
73,3.33901,3.21129
73,4.00776,1.44103
73,3.23071,2.4607
73,4.26794,0.699266
73,3.33901,3.21129
73,2.71334,0.52176
73,3.66713,0.865211
73,3.33901,3.21129
73,3.00819,-0.9623
73,3.33901,3.21129
73,4.07848,0.988032
73,2.88856,-1.08909
73,3.33901,3.21129
73,3.21916,2.30048
73,4.29776,0.904474
73,3.33901,3.21129
73,3.33901,3.21129
73,4.88245,-2.34674
73,3.5639,1.34822
73,3.8657,1.62643
73,3.33901,3.21129
73,3.09824,0.235258
73,3.42007,2.83441
73,3.1823,1.7182
73,3.34024,3.21117
73,2.4351,-0.0414586
73,3.32707,3.20227
73,3.72977,0.986585
73,3.15908,1.31355
73,3.33901,3.21129
73,3.37706,3.12184
73,3.33901,3.21129
73,2.77298,-0.0229461
73,4.61431,1.67885
73,4.12089,0.72719
73,3.30985,3.15643
73,3.84391,1.54553
73,3.29203,3.06782
73,3.58319,1.19285
74,3.37706,3.12184
74,3.55295,1.44723
74,3.33901,3.21129
74,3.812,1.39455
74,3.34024,3.21117
74,3.33901,3.21129
74,3.33901,3.21129
74,3.32707,3.20227
74,3.52684,1.7087
74,3.21916,2.30048
74,3.33901,3.21129
74,4.16103,0.554656
74,3.33901,3.21129
74,2.93975,-1.25057
74,2.84086,-0.717417
74,2.68231,0.718107
74,4.39581,1.8253
74,3.33901,3.21129
74,3.33901,3.21129
74,3.29203,3.06782
74,4.20492,0.496959
74,2.88522,-1.06894
74,3.33901,3.21129
74,2.89706,-1.13557
74,3.68343,0.870264
74,4.11077,0.784114
74,3.35881,3.1864
74,3.33901,3.21129
74,3.33901,3.21129
74,3.30985,3.15643
74,3.33901,3.21129
74,3.33901,3.21129
74,3.33901,3.21129
74,3.26018,2.80775
74,3.33901,3.21129
74,2.63488,0.862292
74,3.42007,2.83441
74,2.81612,-0.473451
74,3.33901,3.21129
74,3.96869,1.61898
74,2.54045,0.608893
74,3.33901,3.21129
74,3.33901,3.21129
74,3.33901,3.21129
74,3.73145,0.993169
74,3.2845,3.01788
74,3.37706,3.12184
74,3.86546,1.62567
74,2.48937,0.290595
74,3.81151,1.39202
75,3.26111,2.81708
75,3.33901,3.21129
75,3.33901,3.21129
75,3.78388,1.24582
75,3.86546,1.62567
75,3.33901,3.21129
75,2.55029,0.661505
75,3.33901,3.21129
75,2.37732,-0.263011
75,3.36698,3.16224
75,3.30985,3.15643
75,3.1031,0.317942
75,2.60575,0.853698
75,3.70322,0.903151
75,3.33901,3.21129
75,3.33901,3.21129
75,2.57426,0.769095
75,3.73288,0.998855
75,2.90783,-1.18388
75,3.2554,2.758
75,3.33901,3.21129
75,3.33901,3.21129
75,3.33901,3.21129
75,3.37706,3.12184
75,4.26106,0.661074
75,3.33901,3.21129
75,3.70146,0.899117
75,3.33901,3.21129
75,3.58656,1.16844
75,3.33901,3.21129
75,2.34918,-0.296199
75,3.33901,3.21129
75,3.33901,3.21129
75,3.92571,1.70796
75,3.33901,3.21129
75,3.81781,1.42409
75,2.47383,0.189521
75,3.10628,0.372695
75,4.28171,0.786429
75,3.34024,3.21117
75,3.96869,1.61898
75,2.66506,0.793344
75,3.34024,3.21117
75,2.6595,0.812082
75,3.82266,1.44818
75,4.47753,2.38477
75,3.33901,3.21129
75,3.23705,2.54316
75,3.33901,3.21129
75,2.75913,0.117287
76,3.35991,3.1836
76,3.33901,3.21129
76,3.33901,3.21129
76,3.5024,1.97518
76,3.92571,1.70796
76,2.66986,0.774973
76,4.69356,0.356298
76,3.82266,1.44818
76,3.33901,3.21129
76,3.33901,3.21129
76,3.77419,1.19457
76,3.08204,-0.031343
76,3.33901,3.21129
76,3.33901,3.21129
76,2.55029,0.661505
76,3.2839,3.01358
76,2.62496,0.867455
76,3.33901,3.21129
76,3.33901,3.21129
76,3.33901,3.21129
76,3.30985,3.15643
76,3.36698,3.16224
76,2.37607,-0.265605
76,3.87546,1.65484
76,3.43046,2.74179
76,2.47148,0.174509
76,4.31096,1.01316
76,3.33901,3.21129
76,2.54495,0.6335
76,3.33901,3.21129
76,2.45689,0.0833679
76,3.33901,3.21129
76,3.33901,3.21129
76,3.90329,1.70468
76,3.34024,3.21117
76,3.33901,3.21129
76,4.77088,-1.07102
76,3.33901,3.21129
76,3.33901,3.21129
76,3.73137,0.992831
76,3.33901,3.21129
76,3.61503,0.99831
76,3.30985,3.15643
76,3.87621,1.65682
76,2.45458,0.0693669
76,3.33901,3.21129
76,3.01096,-0.938064
76,2.77908,-0.0861106
76,2.87963,-1.03301
76,3.33901,3.21129
77,2.83401,-0.65222
77,3.33901,3.21129
77,4.09559,0.876635
77,3.33901,3.21129
77,2.77382,-0.0315765
77,2.7497,0.209058
77,2.38109,-0.254585
77,4.06938,1.04902
77,3.34024,3.21117
77,2.34955,-0.296107
77,4.27521,0.743567
77,3.37276,3.14046
77,3.33901,3.21129
77,3.69349,0.883513
77,3.33136,3.20763
77,3.33901,3.21129
77,3.19859,1.98716
77,3.31686,3.1798
77,3.33901,3.21129
77,3.43046,2.74179
77,3.29403,3.07984
77,3.43046,2.74179
77,2.66284,0.801159
77,3.33901,3.21129
77,3.92187,1.70983
77,3.77419,1.19457
77,4.22566,0.525961
77,3.14263,1.01865
77,4.06288,1.09277
77,3.33901,3.21129
77,4.7087,0.0699967
77,3.33901,3.21129
77,3.33901,3.21129
77,3.33901,3.21129
77,2.63478,0.862382
77,3.33901,3.21129
77,3.33901,3.21129
77,4.30451,0.958906
77,3.924,1.70891
77,3.90329,1.70468
77,3.33901,3.21129
77,4.02493,1.34073
77,3.34024,3.21117
77,3.34024,3.21117
77,3.33901,3.21129
77,3.33901,3.21129
77,3.33901,3.21129
77,3.33901,3.21129
77,3.02528,-0.79792
77,3.64403,0.895416
78,2.58344,0.801085
78,2.63958,0.856838
78,3.33901,3.21129
78,2.51567,0.46094
78,3.33901,3.21129
78,3.43046,2.74179
78,3.43046,2.74179
78,3.34024,3.21117
78,2.39004,-0.230884
78,4.06288,1.09277
78,3.23733,2.54675
78,3.33901,3.21129
78,3.58283,1.19549
78,2.96653,-1.20978
78,2.50889,0.417736
78,3.34024,3.21117
78,3.33901,3.21129
78,3.33901,3.21129
78,3.33901,3.21129
78,3.67965,0.867233
78,3.33901,3.21129
78,3.9361,1.69781
78,3.43046,2.74179
78,4.11945,0.735009
78,3.79554,1.30807
78,4.20463,0.496816
78,3.17752,1.63669
78,3.33901,3.21129
78,4.30294,0.945994
78,4.11443,0.763041
78,3.53297,1.64458
78,2.57186,0.759826
78,3.33864,3.21128
78,2.60555,0.853399
78,3.57285,1.27291
78,3.63067,0.933744
78,2.59888,0.841512
78,4.25946,0.652723
78,3.33901,3.21129
78,3.33901,3.21129
78,3.34024,3.21117
78,3.33901,3.21129
78,3.33901,3.21129
78,3.33901,3.21129
78,3.33901,3.21129
78,4.6522,1.09978
78,4.01258,1.41397
78,3.33901,3.21129
78,3.73821,1.02087
78,3.43046,2.74179
79,3.36145,3.17944
79,3.33901,3.21129
79,3.33901,3.21129
79,3.33901,3.21129
79,3.34024,3.21117
79,3.83307,1.49775
79,3.33864,3.21128
79,2.53849,0.597928
79,3.33901,3.21129
79,4.0281,1.32111
79,4.19319,0.496992
79,4.05388,1.15335
79,4.07592,1.00508
79,3.28612,3.02925
79,2.63007,0.865863
79,2.86193,-0.901901
79,4.24506,0.586922
79,2.66755,0.784065
79,4.21917,0.512863
79,3.99669,1.49939
79,3.33901,3.21129
79,3.33901,3.21129
79,2.51584,0.461952
79,2.75899,0.118672
79,3.33901,3.21129
79,3.16018,1.33304
79,2.44607,0.019363
79,3.33901,3.21129
79,4.15519,0.573487
79,3.43046,2.74179
79,3.33901,3.21129
79,1.62739,-0.925613
79,3.33901,3.21129
79,2.50032,0.362252
79,3.33901,3.21129
79,3.5434,1.53913
79,2.59362,0.829698
79,3.33901,3.21129
79,3.33901,3.21129
79,3.58283,1.19549
79,3.9361,1.69781
79,1.61111,-0.672009
79,3.43046,2.74179
79,3.43046,2.74179
79,4.45947,2.3082
79,3.69772,0.891242
79,3.1831,1.73179
79,2.8206,-0.519165
79,2.56809,0.744554
79,3.33901,3.21129
80,4.01899,1.3766
80,3.58283,1.19549
80,4.01985,1.37149
80,4.00274,1.46817
80,3.83307,1.49775
80,2.7691,0.0168643
80,3.43046,2.74179
80,3.78489,1.25119
80,3.58283,1.19549
80,3.33901,3.21129
80,3.33901,3.21129
80,2.53849,0.597928
80,2.95077,-1.24489
80,2.38476,-0.245482
80,3.33901,3.21129
80,3.33901,3.21129
80,4.2549,0.630011
80,3.70835,0.916031
80,4.26382,0.675926
80,3.33901,3.21129
80,3.33901,3.21129
80,3.33901,3.21129
80,3.33864,3.21128
80,3.99669,1.49939
80,2.93372,-1.24726
80,3.33901,3.21129
80,4.34928,1.36988
80,3.33901,3.21129
80,3.70484,0.907036
80,3.47577,2.27275
80,3.36145,3.17944
80,4.24055,0.569844
80,3.43046,2.74179
80,2.59362,0.829698
80,3.5434,1.53913
80,3.50115,1.98905
80,4.07532,1.00912
80,3.85152,1.5763
80,3.52766,1.70002
80,3.33901,3.21129
80,3.9784,1.5825
80,4.38069,1.68027
80,3.33901,3.21129
80,3.28538,3.02409
80,4.30692,0.978892
80,3.33901,3.21129
80,3.33901,3.21129
80,3.33864,3.21128
80,3.34024,3.21117
80,2.63007,0.865863
81,3.25461,2.74955
81,3.33901,3.21129
81,3.99669,1.49939
81,3.47577,2.27275
81,2.5779,0.782431
81,2.52816,0.537835
81,2.91068,-1.1946
81,3.33901,3.21129
81,3.33901,3.21129
81,3.33901,3.21129
81,2.34039,-0.295687
81,3.80806,1.37415
81,3.33901,3.21129
81,3.33901,3.21129
81,3.61228,1.01179
81,3.33901,3.21129
81,3.33901,3.21129
81,3.33901,3.21129
81,3.33901,3.21129
81,3.26783,2.88173
81,3.64469,0.893913
81,3.33901,3.21129
81,3.33901,3.21129
81,2.76219,0.0867643
81,3.14994,1.15015
81,3.89921,1.70045
81,3.33901,3.21129
81,3.33864,3.21128
81,4.22964,0.535828
81,3.52766,1.70002
81,3.43046,2.74179
81,3.33901,3.21129
81,3.4069,2.94016
81,3.8973,1.6981
81,2.54732,0.646093
81,3.89931,1.70057
81,3.36145,3.17944
81,3.76798,1.16232
81,3.33901,3.21129
81,3.05442,-0.442189
81,2.34148,-0.296029
81,4.01985,1.37149
81,3.36145,3.17944
81,3.81344,1.40189
81,2.88612,-1.07452
81,3.33901,3.21129
81,3.33901,3.21129
81,3.17082,1.52057
81,3.9784,1.5825
81,3.28538,3.02409
82,3.9784,1.5825
82,4.27312,0.730402
82,3.33901,3.21129
82,3.8714,1.64366
82,3.83534,1.50813
82,3.15732,1.28214
82,3.33901,3.21129
82,3.33901,3.21129
82,3.81344,1.40189
82,4.27319,0.730826
82,3.33901,3.21129
82,4.08625,0.936778
82,3.33901,3.21129
82,3.33901,3.21129
82,3.42902,2.75502
82,2.50563,0.396747
82,3.33901,3.21129
82,3.33901,3.21129
82,4.15848,0.562578
82,2.55904,0.704488
82,3.89921,1.70045
82,4.01985,1.37149
82,3.52766,1.70002
82,3.33901,3.21129
82,3.31922,3.18621
82,2.95553,-1.23766
82,3.33901,3.21129
82,3.33901,3.21129
82,3.59199,1.13094
82,3.94701,1.67924
82,3.08016,-0.0610915
82,3.33901,3.21129
82,3.57507,1.25512
82,2.74958,0.210267
82,3.10019,0.268276
82,3.33901,3.21129
82,3.28538,3.02409
82,3.70791,0.914864
82,2.95399,-1.24032
82,3.33901,3.21129
82,3.76798,1.16232
82,2.37815,-0.261242
82,3.36145,3.17944
82,3.40334,2.96631
82,3.80806,1.37415
82,3.97298,1.60354
82,3.2488,2.68504
82,3.33901,3.21129
82,3.33901,3.21129
82,4.13138,0.67315
83,3.33901,3.21129
83,3.9784,1.5825
83,3.65439,0.876287
83,2.40604,-0.176299
83,3.28538,3.02409
83,2.8344,-0.656022
83,3.07558,-0.132831
83,3.33901,3.21129
83,3.77455,1.19645
83,4.07897,0.984765
83,3.91105,1.70967
83,3.33901,3.21129
83,3.33901,3.21129
83,3.36145,3.17944
83,3.33901,3.21129
83,4.08535,0.942681
83,3.42902,2.75502
83,3.33901,3.21129
83,3.40334,2.96631
83,2.48964,0.292414
83,3.33901,3.21129
83,2.67653,0.746153
83,3.76772,1.161
83,2.4528,0.0587231
83,3.33901,3.21129
83,3.17309,1.56018
83,3.33901,3.21129
83,3.09497,0.180102
83,2.43287,-0.0532157
83,3.0485,-0.521615
83,3.42902,2.75502
83,3.33901,3.21129
83,3.33901,3.21129
83,3.33901,3.21129
83,3.33901,3.21129
83,3.83534,1.50813
83,2.81838,-0.496564
83,4.25484,0.629749
83,3.15732,1.28214
83,2.65004,0.837733
83,3.33901,3.21129
83,3.33901,3.21129
83,3.33901,3.21129
83,3.33901,3.21129
83,3.86608,1.62762
83,3.86295,1.61748
83,4.31154,1.01812
83,3.40334,2.96631
83,3.11154,0.464065
83,3.33901,3.21129
84,3.33901,3.21129
84,4.36434,1.51889
84,3.33901,3.21129
84,3.86295,1.61748
84,3.40334,2.96631
84,4.08535,0.942681
84,3.37309,3.13911
84,3.33901,3.21129
84,3.91105,1.70967
84,3.90258,1.70403
84,3.40334,2.96631
84,3.93287,1.70176
84,3.33901,3.21129
84,3.91023,1.70933
84,2.21961,0.120408
84,3.33901,3.21129
84,4.11452,0.762538
84,2.22852,0.0745654
84,2.5561,0.690495
84,3.33901,3.21129
84,3.33901,3.21129
84,3.33901,3.21129
84,3.33901,3.21129
84,3.28538,3.02409
84,3.33901,3.21129
84,3.33901,3.21129
84,3.91873,1.71061
84,3.58484,1.18083
84,2.66799,0.782359
84,2.63014,0.865826
84,3.41382,2.88634
84,3.81724,1.42123
84,3.33901,3.21129
84,3.91105,1.70967
84,3.36883,3.15568
84,3.33901,3.21129
84,3.17175,1.53674
84,3.33901,3.21129
84,3.41125,2.90677
84,3.33901,3.21129
84,3.33901,3.21129
84,3.33901,3.21129
84,3.33137,3.20765
84,3.76473,1.14572
84,2.88478,-1.06621
84,3.33901,3.21129
84,3.33901,3.21129
84,3.33901,3.21129
84,4.04277,1.22712
84,2.61748,0.86576
85,2.52412,0.513401
85,2.66545,0.791915
85,3.51615,1.82351
85,3.33901,3.21129
85,2.65706,0.819463
85,3.37309,3.13911
85,3.86732,1.63151
85,3.33901,3.21129
85,3.53936,1.57947
85,3.33901,3.21129
85,3.33901,3.21129
85,3.33901,3.21129
85,3.33901,3.21129
85,3.45621,2.48507
85,2.68935,0.6802
85,3.76354,1.1397
85,3.33901,3.21129
85,2.85032,-0.803534
85,3.33137,3.20765
85,3.33901,3.21129
85,2.6361,0.861066
85,3.33901,3.21129
85,3.94395,1.68527
85,3.33901,3.21129
85,4.09514,0.879488
85,3.33901,3.21129
85,3.33901,3.21129
85,3.33901,3.21129
85,3.33901,3.21129
85,3.35753,3.18946
85,3.27741,2.96423
85,3.94739,1.67846
85,3.33901,3.21129
85,3.33901,3.21129
85,3.9925,1.51999
85,3.33901,3.21129
85,3.6605,0.869285
85,3.33901,3.21129
85,3.99044,1.52978
85,2.98524,-1.12628
85,2.86357,-0.915055
85,2.89384,-1.1188
85,2.74689,0.235746
85,3.47992,2.22662
85,3.33901,3.21129
85,3.17189,1.53925
85,2.54092,0.611535
85,3.44314,2.61956
85,3.43945,2.65601
85,3.38366,3.08938
86,3.33901,3.21129
86,3.44314,2.61956
86,2.44167,-0.00557334
86,3.33901,3.21129
86,3.33901,3.21129
86,3.37309,3.13911
86,3.0362,-0.675248
86,3.47992,2.22662
86,2.44256,-0.000624292
86,3.33901,3.21129
86,2.60112,0.845892
86,3.33901,3.21129
86,3.33901,3.21129
86,3.33901,3.21129
86,4.17561,0.518465
86,3.33901,3.21129
86,3.22573,2.39314
86,4.06609,1.07116
86,4.33403,1.22241
86,3.33901,3.21129
86,3.33901,3.21129
86,3.33901,3.21129
86,3.57406,1.26319
86,2.34048,-0.295718
86,3.33901,3.21129
86,2.60806,0.85697
86,3.64217,0.899811
86,4.04658,1.202
86,3.33901,3.21129
86,3.38366,3.08938
86,3.33901,3.21129
86,3.33901,3.21129
86,4.13802,0.641905
86,3.35753,3.18946
86,2.58725,0.812652
86,3.33901,3.21129
86,3.38253,3.09526
86,3.33901,3.21129
86,3.33901,3.21129
86,3.56628,1.32773
86,3.33901,3.21129
86,3.33901,3.21129
86,3.33901,3.21129
86,3.45621,2.48507
86,3.93291,1.70172
86,3.88475,1.67681
86,2.34199,-0.296162
86,3.2981,3.10268
86,4.28812,0.831585
86,3.85629,1.59425
87,3.33901,3.21129
87,3.07136,-0.197478
87,2.71234,0.529208
87,2.67693,0.744316
87,4.04636,1.20344
87,4.04658,1.202
87,2.5064,0.401691
87,3.45621,2.48507
87,4.25193,0.616149
87,4.17796,0.514167
87,3.93291,1.70172
87,3.33901,3.21129
87,3.74108,1.0332
87,2.44929,0.0379989
87,3.33901,3.21129
87,3.33901,3.21129
87,2.6379,0.859013
87,3.2981,3.10268
87,3.56628,1.32773
87,3.33901,3.21129
87,3.33901,3.21129
87,3.12134,0.636979
87,3.33901,3.21129
87,3.33901,3.21129
87,3.85791,1.60012
87,3.33901,3.21129
87,3.33901,3.21129
87,3.33901,3.21129
87,3.67304,0.86461
87,4.28212,0.789202
87,3.17373,1.57116
87,2.89188,-1.10808
87,3.4471,2.57961
87,3.33901,3.21129
87,3.91147,1.70983
87,3.33901,3.21129
87,3.33901,3.21129
87,3.33901,3.21129
87,3.25472,2.75076
87,3.44314,2.61956
87,4.191,0.49829
87,3.33901,3.21129
87,4.05994,1.11261
87,3.33901,3.21129
87,3.33901,3.21129
87,3.79111,1.28441
87,3.33901,3.21129
87,3.33901,3.21129
87,3.33901,3.21129
87,3.33901,3.21129
88,3.44314,2.61956
88,4.25193,0.616149
88,3.33901,3.21129
88,3.33901,3.21129
88,3.30291,3.12689
88,4.65312,1.08423
88,3.33901,3.21129
88,3.91147,1.70983
88,3.33901,3.21129
88,2.91841,-1.21912
88,2.98706,-1.1157
88,4.16905,0.532762
88,3.32017,3.18859
88,4.05994,1.11261
88,3.33901,3.21129
88,3.4471,2.57961
88,3.85791,1.60012
88,2.60581,0.853796
88,2.3528,-0.294908
88,2.6379,0.859013
88,4.13817,0.641227
88,3.33901,3.21129
88,2.93067,-1.24389
88,3.33901,3.21129
88,3.25472,2.75076
88,3.33901,3.21129
88,3.33901,3.21129
88,2.74366,0.266001
88,3.33901,3.21129
88,3.33901,3.21129
88,3.33901,3.21129
88,3.33901,3.21129
88,3.93291,1.70172
88,2.45846,0.0929085
88,2.71154,0.535127
88,3.33901,3.21129
88,2.53288,0.565739
88,3.33901,3.21129
88,4.01343,1.40913
88,3.33901,3.21129
88,3.33901,3.21129
88,3.33901,3.21129
88,3.62973,0.93704
88,3.25472,2.75076
88,3.33901,3.21129
88,2.69682,0.635598
88,3.33901,3.21129
88,2.40779,-0.16941
88,3.33901,3.21129
88,3.33901,3.21129
89,3.33901,3.21129
89,4.1259,0.700695
89,3.33901,3.21129
89,3.33901,3.21129
89,4.63585,1.36499
89,3.33901,3.21129
89,2.35377,-0.29441
89,3.33901,3.21129
89,3.33901,3.21129
89,3.38196,3.09819
89,3.33901,3.21129
89,3.33901,3.21129
89,3.85791,1.60012
89,3.26993,2.90078
89,2.87616,-1.00927
89,2.91514,-1.20958
89,3.33901,3.21129
89,4.33603,1.24142
89,3.33901,3.21129
89,2.94679,-1.24871
89,4.23227,0.543072
89,3.33901,3.21129
89,3.33901,3.21129
89,3.33901,3.21129
89,2.41856,-0.123353
89,2.57071,0.755257
89,3.33901,3.21129
89,3.33901,3.21129
89,3.46265,2.41636
89,3.33901,3.21129
89,3.33901,3.21129
89,3.148,1.11532
89,2.7682,0.0260085
89,3.64307,0.897648
89,2.50892,0.417921
89,3.33901,3.21129
89,3.86535,1.62531
89,3.33901,3.21129
89,3.43918,2.65865
89,3.33901,3.21129
89,3.19523,1.93296
89,3.33901,3.21129
89,3.33901,3.21129
89,3.33901,3.21129
89,2.69682,0.635598
89,2.65991,0.810799
89,2.77667,-0.0611491
89,3.95175,1.66868
89,3.33901,3.21129
89,3.09935,0.254079
90,3.33901,3.21129
90,3.32012,3.18846
90,3.71507,0.935391
90,3.28399,3.01428
90,3.26171,2.8231
90,3.52067,1.77456
90,3.33901,3.21129
90,4.93981,-2.40622
90,2.648,0.842215
90,4.0072,1.44413
90,3.33901,3.21129
90,3.33901,3.21129
90,2.80895,-0.3993
90,3.58993,1.14492
90,3.33901,3.21129
90,4.33119,1.19556
90,3.33901,3.21129
90,2.87569,-1.006
90,2.66917,0.777721
90,3.27305,2.92811
90,3.6193,0.978561
90,3.33901,3.21129
90,3.33901,3.21129
90,3.148,1.11532
90,3.65666,0.873313
90,3.33901,3.21129
90,3.19523,1.93296
90,3.98654,1.54771
90,3.33901,3.21129
90,3.86963,1.6385
90,3.78863,1.27117
90,3.33901,3.21129
90,3.1622,1.36895
90,3.81756,1.42283
90,3.33901,3.21129
90,4.29245,0.863643
90,4.21699,0.509283
90,3.33901,3.21129
90,3.33901,3.21129
90,3.15131,1.17476
90,4.0767,0.999927
90,3.33901,3.21129
90,3.85756,1.59886
90,2.35688,-0.292391
90,3.33901,3.21129
90,3.57398,1.26379
90,2.44322,0.00311235
90,3.9469,1.67946
90,3.33901,3.21129
90,3.33901,3.21129
91,3.80614,1.36409
91,3.33901,3.21129
91,3.27305,2.92811
91,3.3905,3.0509
91,3.27305,2.92811
91,2.9929,-1.07895
91,3.67053,0.864521
91,3.33901,3.21129
91,3.33901,3.21129
91,3.33901,3.21129
91,4.79223,-1.41587
91,2.56845,0.746047
91,2.89208,-1.10921
91,2.76342,0.0744476
91,3.33901,3.21129
91,2.42627,-0.0867749
91,3.33901,3.21129
91,2.42674,-0.0844513
91,3.33901,3.21129
91,3.80672,1.36716
91,3.33901,3.21129
91,3.33901,3.21129
91,3.98654,1.54771
91,3.33901,3.21129
91,3.33901,3.21129
91,3.22661,2.40524
91,2.62045,0.867
91,2.5056,0.396557
91,3.33901,3.21129
91,3.1622,1.36895
91,3.33901,3.21129
91,3.33901,3.21129
91,3.33901,3.21129
91,3.33901,3.21129
91,3.33901,3.21129
91,3.30739,3.14668
91,3.65277,0.878673
91,3.33901,3.21129
91,3.33901,3.21129
91,3.94043,1.69141
91,3.03494,-0.690057
91,3.33901,3.21129
91,2.5462,0.640186
91,2.37876,-0.259902
91,4.06526,1.07673
91,3.28399,3.01428
91,4.18923,0.49963
91,4.13925,0.63642
91,3.33901,3.21129
91,3.33901,3.21129
92,3.33901,3.21129
92,3.33901,3.21129
92,3.33901,3.21129
92,3.33901,3.21129
92,3.33901,3.21129
92,3.33901,3.21129
92,3.18198,1.71288
92,3.33901,3.21129
92,3.33901,3.21129
92,3.3905,3.0509
92,3.50653,1.92919
92,3.86615,1.62784
92,3.33901,3.21129
92,3.14438,1.05024
92,3.33901,3.21129
92,3.33901,3.21129
92,3.1622,1.36895
92,3.33901,3.21129
92,3.68352,0.870347
92,2.62045,0.867
92,3.33901,3.21129
92,3.33901,3.21129
92,3.33901,3.21129
92,3.17573,1.60586
92,3.33901,3.21129
92,4.24404,0.582912
92,3.94043,1.69141
92,4.2712,0.718658
92,2.77943,-0.089789
92,3.33901,3.21129
92,3.74821,1.06525
92,2.5462,0.640186
92,3.81127,1.39078
92,3.83292,1.49707
92,3.33901,3.21129
92,3.33901,3.21129
92,3.28399,3.01428
92,3.33901,3.21129
92,2.47667,0.207822
92,3.33901,3.21129
92,3.54639,1.5099
92,3.97543,1.59423
92,3.78288,1.2405
92,4.06057,1.10837
92,3.62402,0.958622
92,3.33901,3.21129
92,3.33901,3.21129
92,3.88432,1.67592
92,3.38608,3.0763
92,2.39244,-0.223686
93,3.33901,3.21129
93,2.4297,-0.0695846
93,4.33721,1.25273
93,2.56951,0.750418
93,3.19813,1.97973
93,3.88329,1.67371
93,4.18545,0.503349
93,3.29917,3.10834
93,2.57536,0.773225
93,3.33901,3.21129
93,3.19295,1.89575
93,3.33901,3.21129
93,3.69536,0.886781
93,3.33901,3.21129
93,3.41023,2.91477
93,3.77835,1.21648
93,3.33901,3.21129
93,3.33901,3.21129
93,3.33901,3.21129
93,3.38608,3.0763
93,4.02072,1.36628
93,3.89157,1.68961
93,3.37148,3.14562
93,3.58819,1.15695
93,3.94043,1.69141
93,3.33901,3.21129
93,2.34191,-0.296143
93,3.18592,1.77933
93,2.57379,0.767301
93,3.33901,3.21129
93,3.33901,3.21129
93,2.93891,-1.25038
93,4.02593,1.33459
93,2.61143,0.86095
93,4.28319,0.796622
93,3.33901,3.21129
93,3.33901,3.21129
93,2.65533,0.824359
93,3.33901,3.21129
93,3.50653,1.92919
93,2.49569,0.331997
93,2.72775,0.406972
93,3.33901,3.21129
93,3.50653,1.92919
93,3.94043,1.69141
93,3.33901,3.21129
93,3.33901,3.21129
93,3.87371,1.65015
93,3.33901,3.21129
93,2.70823,0.559119
94,3.37148,3.14562
94,3.33901,3.21129
94,3.58617,1.17125
94,3.33901,3.21129
94,4.39323,1.801
94,4.2351,0.551577
94,3.33901,3.21129
94,2.36882,-0.278617
94,3.33901,3.21129
94,3.76248,1.13433
94,3.33901,3.21129
94,2.65533,0.824359
94,3.33901,3.21129
94,2.60535,0.853093
94,3.33901,3.21129
94,3.54536,1.51987
94,4.29162,0.857354
94,3.12474,0.697516
94,3.58286,1.19528
94,3.41023,2.91477
94,3.33901,3.21129
94,3.49666,2.03921
94,3.33901,3.21129
94,4.15923,0.560186
94,2.61143,0.86095
94,4.35802,1.45621
94,3.33901,3.21129
94,3.94043,1.69141
94,4.38294,1.70223
94,3.33901,3.21129
94,3.18436,1.75314
94,3.43153,2.73187
94,3.24348,2.62269
94,3.33901,3.21129
94,2.70616,0.573743
94,3.33901,3.21129
94,3.33901,3.21129
94,2.8843,-1.06323
94,3.89157,1.68961
94,3.33901,3.21129
94,3.18592,1.77933
94,3.8418,1.53659
94,3.33901,3.21129
94,3.33901,3.21129
94,4.00884,1.43508
94,4.04593,1.2063
94,3.33901,3.21129
94,3.33901,3.21129
94,4.21757,0.510197
94,3.33901,3.21129
95,3.33901,3.21129
95,3.33901,3.21129
95,3.24348,2.62269
95,3.33901,3.21129
95,3.40323,2.96707
95,3.33901,3.21129
95,4.39323,1.801
95,4.80585,-1.6153
95,3.33901,3.21129
95,3.25514,2.7552
95,3.33901,3.21129
95,4.21395,0.504985
95,3.33901,3.21129
95,4.1647,0.54405
95,2.90899,-1.18833
95,3.33901,3.21129
95,3.33901,3.21129
95,3.33901,3.21129
95,3.33901,3.21129
95,4.02588,1.33491
95,2.5702,0.7532
95,3.33901,3.21129
95,2.72728,0.410926
95,2.44954,0.0394648
95,3.33901,3.21129
95,3.58394,1.18737
95,3.33901,3.21129
95,3.33901,3.21129
95,3.89157,1.68961
95,3.33901,3.21129
95,4.29961,0.91914
95,3.49666,2.03921
95,3.33901,3.21129
95,2.42415,-0.0971014
95,4.06719,1.06375
95,3.02172,-0.834968
95,3.33901,3.21129
95,3.33901,3.21129
95,4.07921,0.98318
95,3.33901,3.21129
95,3.81687,1.41934
95,3.36155,3.17917
95,3.50807,1.91217
95,3.33901,3.21129
95,4.02607,1.3337
95,3.33901,3.21129
95,2.80751,-0.384338
95,3.33901,3.21129
95,4.04062,1.24117
95,3.33901,3.21129
96,3.33901,3.21129
96,4.24401,0.582796
96,3.99651,1.50031
96,3.63176,0.930037
96,2.68729,0.691723
96,3.92631,1.70757
96,2.50035,0.362413
96,3.18463,1.75757
96,3.33901,3.21129
96,2.36082,-0.288899
96,4.00941,1.43191
96,2.40568,-0.177688
96,3.24348,2.62269
96,3.33901,3.21129
96,2.76366,0.0720174
96,3.22154,2.33448
96,3.33901,3.21129
96,4.13463,0.657544
96,3.33901,3.21129
96,3.33901,3.21129
96,3.33901,3.21129
96,3.33901,3.21129
96,3.33901,3.21129
96,3.17082,1.52054
96,2.74681,0.236488
96,3.33901,3.21129
96,3.5316,1.65886
96,3.33901,3.21129
96,2.36945,-0.27762
96,3.41348,2.88908
96,2.32215,-0.278444
96,3.01401,-0.910268
96,3.32274,3.19441
96,2.93856,-1.25028
96,3.33901,3.21129
96,3.21002,2.16532
96,3.33901,3.21129
96,3.33901,3.21129
96,3.17281,1.55522
96,2.98373,-1.13466
96,3.24698,2.664
96,3.43519,2.69726
96,3.17042,1.51364
96,2.91898,-1.22067
96,3.47355,2.29728
96,3.57599,1.24781
96,3.33901,3.21129
96,3.33901,3.21129
96,4.21953,0.513486
96,2.45011,0.0427852
97,3.33901,3.21129
97,3.33901,3.21129
97,2.77195,-0.0123233
97,3.33901,3.21129
97,3.21002,2.16532
97,3.33901,3.21129
97,3.33901,3.21129
97,4.05393,1.15297
97,3.33901,3.21129
97,3.78852,1.2706
97,4.25895,0.650065
97,3.33901,3.21129
97,3.22154,2.33448
97,3.32274,3.19441
97,2.75638,0.144346
97,3.64552,0.892095
97,3.33901,3.21129
97,3.33901,3.21129
97,3.43519,2.69726
97,3.16011,1.33178
97,3.69684,0.889538
97,3.33901,3.21129
97,3.33901,3.21129
97,3.13502,0.881669
97,3.33901,3.21129
97,3.33901,3.21129
97,3.99651,1.50031
97,4.08461,0.947526
97,3.45059,2.54385
97,3.33901,3.21129
97,2.85011,-0.801711
97,3.24348,2.62269
97,3.22154,2.33448
97,3.33901,3.21129
97,2.52242,0.502994
97,3.43519,2.69726
97,3.33787,3.21122
97,3.33901,3.21129
97,3.2151,2.24126
97,2.74963,0.209768
97,4.01813,1.38172
97,3.33901,3.21129
97,3.7031,0.902855
97,3.41348,2.88908
97,3.33901,3.21129
97,3.33901,3.21129
97,2.73939,0.305135
97,3.01164,-0.931935
97,3.40272,2.97071
97,4.00535,1.45419
98,3.0349,-0.690504
98,4.26333,0.673253
98,3.7502,1.07454
98,3.33901,3.21129
98,3.2406,2.58758
98,3.33901,3.21129
98,3.33901,3.21129
98,3.33901,3.21129
98,3.33901,3.21129
98,3.17068,1.51818
98,3.33901,3.21129
98,3.42687,2.77458
98,2.39973,-0.199641
98,3.33901,3.21129
98,3.43519,2.69726
98,3.33901,3.21129
98,3.71231,0.92711
98,3.33901,3.21129
98,3.4893,2.12166
98,3.33901,3.21129
98,3.33787,3.21122
98,3.44463,2.60466
98,3.41729,2.85787
98,3.50455,1.95126
98,3.71753,0.943142
98,3.32274,3.19441
98,2.7166,0.497006
98,3.33901,3.21129
98,2.60925,0.858472
98,3.33901,3.21129
98,3.96801,1.62133
98,3.33901,3.21129
98,2.81266,-0.437851
98,3.33901,3.21129
98,3.40272,2.97071
98,3.41348,2.88908
98,2.59215,0.826046
98,3.85715,1.59739
98,3.33901,3.21129
98,3.16011,1.33178
98,2.71693,0.494449
98,3.33901,3.21129
98,2.91044,-1.19371
98,2.79218,-0.223451
98,3.86605,1.62753
98,3.33901,3.21129
98,3.21688,2.26743
98,3.26415,2.84705
98,3.33901,3.21129
98,3.33901,3.21129
99,2.78551,-0.153402
99,3.43519,2.69726
99,3.5157,1.82838
99,3.77515,1.19961
99,4.12328,0.714408
99,2.72528,0.427597
99,3.33901,3.21129
99,3.04643,-0.548545
99,3.33901,3.21129
99,4.01777,1.38383
99,3.41348,2.88908
99,3.33901,3.21129
99,3.33901,3.21129
99,3.33901,3.21129
99,3.33901,3.21129
99,3.33901,3.21129
99,4.26258,0.669165
99,4.20044,0.495588
99,3.33901,3.21129
99,3.33901,3.21129
99,3.81686,1.41932
99,3.60756,1.03648
99,4.00647,1.4481
99,3.33901,3.21129
99,3.35929,3.18518
99,3.33787,3.21122
99,3.33901,3.21129
99,3.0634,-0.315612
99,3.33901,3.21129
99,4.15139,0.586999
99,3.64687,0.889238
99,3.3828,3.09385
99,4.31892,1.0829
99,2.38506,-0.244701
99,3.86605,1.62753
99,3.33901,3.21129
99,2.66098,0.807375
99,3.24459,2.63591
99,3.02503,-0.800582
99,3.33901,3.21129
99,3.98951,1.53415
99,2.41847,-0.123787
99,2.46334,0.12306
99,3.33901,3.21129
99,3.05701,-0.406442
99,2.62045,0.867
99,3.33901,3.21129
99,3.33901,3.21129
99,3.33901,3.21129
99,3.40272,2.97071